año,mes,fecha,barrio,distrito,latitud,longitud,precio_habitacion_eur,precio_vs_beca_mec_eur,anuncios_activos,matches_realizados,usuarios_activos_mes,pct_erasmus,eco_score,co2_ahorrado_kg_mes,pct_transporte_publico,distancia_universidad_km,tiempo_desplazamiento_min,indice_accesibilidad_beca,demanda_estimada_estudiantes,ratio_oferta_demanda,fraudes_detectados,contratos_digitales_firmados,satisfaccion_media,ods11_precio_accesible,alerta_precio_accesibilidad,universidad_referencia,perfil_dominante
2023,1,2023-01-01,Ruzafa,Quatre Carreres,39.4635,-0.3765,440,90,21,10,71,0.24,D,235,0.83,3.4,28,125.7,256,0.08,0,7,4.7,NO,CRITICO,UV,ERASMUS
2023,1,2023-01-01,Benimaclet,Benimaclet,39.4815,-0.357,393,43,32,20,94,0.36,A,536,0.59,1,17,112.3,315,0.1,1,16,4.3,SI,ALTO,UPV,JOVEN_PROFESIONAL
2023,1,2023-01-01,El Carmen,Ciutat Vella,39.4735,-0.3775,418,68,51,27,131,0.2,B,410,0.39,1.2,10,119.4,417,0.12,4,20,4,NO,ALTO,UV,ESTUDIANTE
2023,1,2023-01-01,Campanar,Campanar,39.451,-0.339,341,-9,27,8,64,0.12,D,237,0.68,1.7,19,97.4,186,0.15,1,4,3.8,SI,MEDIO,UPV,ESTUDIANTE
2023,1,2023-01-01,Patraix,Patraix,39.4605,-0.3605,333,-17,52,19,165,0.39,A,215,0.56,2.8,24,95.1,616,0.08,4,11,4.5,SI,MEDIO,UPV,JOVEN_PROFESIONAL
2023,1,2023-01-01,Algirós,Algirós,39.478,-0.3395,350,0,43,26,123,0.44,C,744,0.55,4.2,30,100,446,0.1,3,21,4.2,SI,MEDIO,UPV,JOVEN_PROFESIONAL
2023,1,2023-01-01,Extramurs,Extramurs,39.469,-0.382,400,50,47,24,79,0.3,C,273,0.66,3.6,30,114.3,257,0.18,3,17,3.2,NO,ALTO,UV,ERASMUS
2023,1,2023-01-01,El Pla del Remei,Eixample,39.467,-0.373,461,111,22,14,75,0.21,C,189,0.65,1.4,16,131.7,246,0.09,0,11,4.7,NO,CRITICO,UV,ESTUDIANTE
2023,1,2023-01-01,Mestalla,Quatre Carreres,39.465,-0.365,381,31,44,12,148,0.37,D,295,0.81,4.7,34,108.9,486,0.09,3,6,4.7,SI,ALTO,UPV,JOVEN_PROFESIONAL
2023,1,2023-01-01,La Saïdia,La Saïdia,39.478,-0.375,341,-9,53,16,147,0.23,D,271,0.58,2.7,26,97.4,372,0.14,4,9,4.1,SI,MEDIO,UV,ERASMUS
2023,1,2023-01-01,Benicalap,Benicalap,39.49,-0.38,314,-36,40,11,69,0.37,C,196,0.79,2.2,18,89.7,234,0.17,2,6,3.2,SI,BAJO,UV,JOVEN_PROFESIONAL
2023,1,2023-01-01,Orriols,La Saïdia,39.485,-0.368,304,-46,39,11,74,0.14,C,289,0.65,2.6,24,86.9,253,0.15,2,6,3.3,SI,BAJO,UV,ESTUDIANTE
2023,1,2023-01-01,Torrefiel,La Saïdia,39.487,-0.362,286,-64,42,15,73,0.41,B,216,0.81,2.6,22,81.7,226,0.19,3,9,3.2,SI,BAJO,UV,JOVEN_PROFESIONAL
2023,1,2023-01-01,Ciutat Universitaria,Algirós,39.482,-0.345,384,34,42,20,123,0.19,D,411,0.49,3.9,28,109.7,464,0.09,2,14,4.3,SI,ALTO,UPV,ESTUDIANTE
2023,1,2023-01-01,Arrancapins,Patraix,39.458,-0.375,324,-26,54,25,179,0.15,B,354,0.72,2.2,23,92.6,539,0.1,4,17,4.6,SI,MEDIO,UV,ESTUDIANTE
2023,2,2023-02-01,Ruzafa,Quatre Carreres,39.4635,-0.3765,434,84,52,22,175,0.43,D,221,0.64,3.2,34,124,548,0.09,4,14,4.7,NO,CRITICO,UV,JOVEN_PROFESIONAL
2023,2,2023-02-01,Benimaclet,Benimaclet,39.4815,-0.357,387,37,21,9,46,0.4,B,187,0.58,4.2,40,110.6,131,0.16,0,6,3.6,SI,ALTO,UPV,JOVEN_PROFESIONAL
2023,2,2023-02-01,El Carmen,Ciutat Vella,39.4735,-0.3775,447,97,49,31,151,0.41,D,837,0.75,4.9,35,127.7,601,0.08,3,26,4.4,NO,CRITICO,UV,JOVEN_PROFESIONAL
2023,2,2023-02-01,Campanar,Campanar,39.451,-0.339,366,16,52,15,176,0.27,D,176,0.4,2.6,20,104.6,627,0.08,4,8,4.7,SI,MEDIO,UPV,ERASMUS
2023,2,2023-02-01,Patraix,Patraix,39.4605,-0.3605,342,-8,31,18,54,0.12,A,540,0.49,1.2,15,97.7,205,0.15,1,14,3.2,SI,MEDIO,UPV,ESTUDIANTE
2023,2,2023-02-01,Algirós,Algirós,39.478,-0.3395,361,11,25,14,63,0.23,D,220,0.57,4.6,37,103.1,238,0.11,1,11,3.9,SI,MEDIO,UPV,ERASMUS
2023,2,2023-02-01,Extramurs,Extramurs,39.469,-0.382,389,39,55,35,130,0.33,D,705,0.74,1.6,20,111.1,333,0.17,4,30,3.8,SI,ALTO,UV,JOVEN_PROFESIONAL
2023,2,2023-02-01,El Pla del Remei,Eixample,39.467,-0.373,472,122,41,23,69,0.16,C,304,0.85,3.1,32,134.9,238,0.17,2,18,3.2,NO,CRITICO,UV,ESTUDIANTE
2023,2,2023-02-01,Mestalla,Quatre Carreres,39.465,-0.365,405,55,46,27,100,0.33,B,743,0.62,3.9,28,115.7,390,0.12,3,21,3.6,NO,ALTO,UPV,ERASMUS
2023,2,2023-02-01,La Saïdia,La Saïdia,39.478,-0.375,356,6,41,20,93,0.36,B,217,0.55,1.8,18,101.7,264,0.16,2,14,3.7,SI,MEDIO,UV,JOVEN_PROFESIONAL
2023,2,2023-02-01,Benicalap,Benicalap,39.49,-0.38,328,-22,46,19,90,0.4,D,437,0.38,4.8,43,93.7,328,0.14,3,12,3.4,SI,MEDIO,UV,JOVEN_PROFESIONAL
2023,2,2023-02-01,Orriols,La Saïdia,39.485,-0.368,294,-56,41,18,138,0.22,B,468,0.72,4.2,36,84,377,0.11,2,12,4.7,SI,BAJO,UV,ERASMUS
2023,2,2023-02-01,Torrefiel,La Saïdia,39.487,-0.362,314,-36,31,14,95,0.39,A,277,0.39,4.9,38,89.7,367,0.08,1,9,4.4,SI,BAJO,UV,JOVEN_PROFESIONAL
2023,2,2023-02-01,Ciutat Universitaria,Algirós,39.482,-0.345,364,14,27,15,93,0.44,A,198,0.6,1.7,13,104,257,0.11,1,11,4.8,SI,MEDIO,UPV,JOVEN_PROFESIONAL
2023,2,2023-02-01,Arrancapins,Patraix,39.458,-0.375,331,-19,23,8,47,0.31,B,216,0.81,2.3,16,94.6,142,0.16,0,5,3.5,SI,MEDIO,UV,ERASMUS
2023,3,2023-03-01,Ruzafa,Quatre Carreres,39.4635,-0.3765,443,93,33,16,94,0.22,C,191,0.44,1.1,14,126.6,314,0.11,2,11,4.2,NO,CRITICO,UV,ESTUDIANTE
2023,3,2023-03-01,Benimaclet,Benimaclet,39.4815,-0.357,395,45,51,21,123,0.38,A,362,0.63,4.2,31,112.9,375,0.14,4,13,3.8,SI,ALTO,UPV,JOVEN_PROFESIONAL
2023,3,2023-03-01,El Carmen,Ciutat Vella,39.4735,-0.3775,426,76,34,11,63,0.27,D,325,0.38,3.4,28,121.7,196,0.17,2,6,3.3,NO,CRITICO,UV,ERASMUS
2023,3,2023-03-01,Campanar,Campanar,39.451,-0.339,363,13,30,17,94,0.23,B,189,0.78,1.3,15,103.7,315,0.1,1,13,4.5,SI,MEDIO,UPV,ERASMUS
2023,3,2023-03-01,Patraix,Patraix,39.4605,-0.3605,315,-35,20,9,55,0.44,D,133,0.39,3.1,30,90,147,0.14,0,6,4.1,SI,BAJO,UPV,JOVEN_PROFESIONAL
2023,3,2023-03-01,Algirós,Algirós,39.478,-0.3395,356,6,21,12,36,0.32,B,167,0.76,2.6,18,101.7,125,0.17,0,9,3.2,SI,MEDIO,UPV,ERASMUS
2023,3,2023-03-01,Extramurs,Extramurs,39.469,-0.382,428,78,39,14,69,0.29,A,394,0.67,1.6,17,122.3,272,0.14,2,8,3.2,NO,CRITICO,UV,ERASMUS
2023,3,2023-03-01,El Pla del Remei,Eixample,39.467,-0.373,460,110,38,14,92,0.37,A,147,0.82,4.7,36,131.4,264,0.14,2,8,3.8,NO,CRITICO,UV,JOVEN_PROFESIONAL
2023,3,2023-03-01,Mestalla,Quatre Carreres,39.465,-0.365,380,30,32,15,54,0.36,D,439,0.66,2.8,22,108.6,156,0.21,1,11,3.2,SI,ALTO,UPV,JOVEN_PROFESIONAL
2023,3,2023-03-01,La Saïdia,La Saïdia,39.478,-0.375,381,31,32,20,93,0.27,C,218,0.67,3.6,31,108.9,342,0.09,1,17,4.3,SI,ALTO,UV,ERASMUS
2023,3,2023-03-01,Benicalap,Benicalap,39.49,-0.38,334,-16,22,14,69,0.13,A,187,0.81,4.4,34,95.4,261,0.08,0,11,4.5,SI,MEDIO,UV,ESTUDIANTE
2023,3,2023-03-01,Orriols,La Saïdia,39.485,-0.368,316,-34,23,13,49,0.42,A,277,0.37,4.9,45,90.3,170,0.14,0,10,3.6,SI,BAJO,UV,JOVEN_PROFESIONAL
2023,3,2023-03-01,Torrefiel,La Saïdia,39.487,-0.362,283,-67,54,15,180,0.42,A,296,0.47,4,31,80.9,472,0.11,4,8,4.7,SI,BAJO,UV,JOVEN_PROFESIONAL
2023,3,2023-03-01,Ciutat Universitaria,Algirós,39.482,-0.345,380,30,22,14,46,0.16,D,372,0.8,2.1,18,108.6,149,0.15,0,12,3.5,SI,ALTO,UPV,ESTUDIANTE
2023,3,2023-03-01,Arrancapins,Patraix,39.458,-0.375,352,2,28,13,51,0.25,C,249,0.5,1.6,18,100.6,189,0.15,1,9,3.3,SI,MEDIO,UV,ERASMUS
2023,4,2023-04-01,Ruzafa,Quatre Carreres,39.4635,-0.3765,447,97,39,13,135,0.24,B,209,0.53,1.6,18,127.7,487,0.08,2,7,4.8,NO,CRITICO,UV,ERASMUS
2023,4,2023-04-01,Benimaclet,Benimaclet,39.4815,-0.357,381,31,37,20,69,0.28,A,512,0.6,4.2,41,108.9,182,0.2,2,15,3.3,SI,ALTO,UPV,ERASMUS
2023,4,2023-04-01,El Carmen,Ciutat Vella,39.4735,-0.3775,425,75,32,11,57,0.4,D,244,0.43,1,10,121.4,180,0.18,1,6,3.3,NO,CRITICO,UV,JOVEN_PROFESIONAL
2023,4,2023-04-01,Campanar,Campanar,39.451,-0.339,377,27,23,7,67,0.31,C,114,0.43,2.7,20,107.7,267,0.09,0,4,4.3,SI,ALTO,UPV,ERASMUS
2023,4,2023-04-01,Patraix,Patraix,39.4605,-0.3605,344,-6,33,12,89,0.32,C,318,0.84,4.1,31,98.3,344,0.1,2,7,4.1,SI,MEDIO,UPV,ERASMUS
2023,4,2023-04-01,Algirós,Algirós,39.478,-0.3395,347,-3,52,14,149,0.17,C,273,0.44,2.1,22,99.1,480,0.11,4,7,4.2,SI,MEDIO,UPV,ESTUDIANTE
2023,4,2023-04-01,Extramurs,Extramurs,39.469,-0.382,401,51,36,16,89,0.16,A,169,0.67,2.3,18,114.6,269,0.13,2,11,3.9,NO,ALTO,UV,ESTUDIANTE
2023,4,2023-04-01,El Pla del Remei,Eixample,39.467,-0.373,467,117,28,9,84,0.31,A,221,0.62,1.6,14,133.4,272,0.1,1,5,4.4,NO,CRITICO,UV,ERASMUS
2023,4,2023-04-01,Mestalla,Quatre Carreres,39.465,-0.365,370,20,26,11,79,0.26,C,303,0.83,2.1,24,105.7,207,0.13,1,7,4.4,SI,ALTO,UPV,ERASMUS
2023,4,2023-04-01,La Saïdia,La Saïdia,39.478,-0.375,384,34,54,22,122,0.16,B,533,0.72,3.8,36,109.7,472,0.11,4,14,3.7,SI,ALTO,UV,ESTUDIANTE
2023,4,2023-04-01,Benicalap,Benicalap,39.49,-0.38,309,-41,32,8,70,0.24,A,174,0.71,4.8,42,88.3,206,0.16,1,4,3.6,SI,BAJO,UV,ERASMUS
2023,4,2023-04-01,Orriols,La Saïdia,39.485,-0.368,301,-49,27,11,52,0.21,B,223,0.73,4,29,86,157,0.17,1,7,3.4,SI,BAJO,UV,ESTUDIANTE
2023,4,2023-04-01,Torrefiel,La Saïdia,39.487,-0.362,302,-48,38,24,91,0.23,D,607,0.46,2.2,17,86.3,312,0.12,2,20,3.8,SI,BAJO,UV,ERASMUS
2023,4,2023-04-01,Ciutat Universitaria,Algirós,39.482,-0.345,381,31,22,11,47,0.18,D,261,0.58,1.9,24,108.9,159,0.14,0,8,3.6,SI,ALTO,UPV,ESTUDIANTE
2023,4,2023-04-01,Arrancapins,Patraix,39.458,-0.375,338,-12,38,13,78,0.23,D,170,0.81,3.3,33,96.6,255,0.15,2,7,3.5,SI,MEDIO,UV,ERASMUS
2023,5,2023-05-01,Ruzafa,Quatre Carreres,39.4635,-0.3765,421,71,33,14,96,0.13,C,371,0.72,2.7,28,120.3,281,0.12,1,9,4.3,NO,CRITICO,UV,ESTUDIANTE
2023,5,2023-05-01,Benimaclet,Benimaclet,39.4815,-0.357,408,58,25,13,76,0.32,C,260,0.41,3.2,31,116.6,297,0.08,1,10,4.4,NO,ALTO,UPV,ERASMUS
2023,5,2023-05-01,El Carmen,Ciutat Vella,39.4735,-0.3775,438,88,47,19,123,0.14,D,308,0.68,4,34,125.1,484,0.1,3,12,4,NO,CRITICO,UV,ESTUDIANTE
2023,5,2023-05-01,Campanar,Campanar,39.451,-0.339,336,-14,27,8,43,0.14,A,101,0.73,4.4,35,96,116,0.23,1,4,3.1,SI,MEDIO,UPV,ESTUDIANTE
2023,5,2023-05-01,Patraix,Patraix,39.4605,-0.3605,328,-22,39,21,89,0.14,D,520,0.43,3.9,35,93.7,316,0.12,2,16,3.7,SI,MEDIO,UPV,ESTUDIANTE
2023,5,2023-05-01,Algirós,Algirós,39.478,-0.3395,323,-27,51,25,177,0.36,A,662,0.59,3.6,33,92.3,464,0.11,4,18,4.8,SI,MEDIO,UPV,JOVEN_PROFESIONAL
2023,5,2023-05-01,Extramurs,Extramurs,39.469,-0.382,419,69,53,19,141,0.45,D,293,0.79,3.5,26,119.7,561,0.09,4,11,4.1,NO,ALTO,UV,JOVEN_PROFESIONAL
2023,5,2023-05-01,El Pla del Remei,Eixample,39.467,-0.373,461,111,25,11,70,0.42,A,232,0.74,3.5,32,131.7,231,0.11,1,8,4.2,NO,CRITICO,UV,JOVEN_PROFESIONAL
2023,5,2023-05-01,Mestalla,Quatre Carreres,39.465,-0.365,376,26,54,20,171,0.21,A,368,0.49,2.2,26,107.4,530,0.1,4,12,4.5,SI,ALTO,UPV,ESTUDIANTE
2023,5,2023-05-01,La Saïdia,La Saïdia,39.478,-0.375,364,14,46,20,151,0.12,C,574,0.37,3.1,32,104,513,0.09,3,13,4.6,SI,MEDIO,UV,ESTUDIANTE
2023,5,2023-05-01,Benicalap,Benicalap,39.49,-0.38,308,-42,24,7,66,0.3,D,179,0.55,4.5,39,88,209,0.11,1,4,4.1,SI,BAJO,UV,ERASMUS
2023,5,2023-05-01,Orriols,La Saïdia,39.485,-0.368,299,-51,26,7,67,0.42,D,86,0.52,4,30,85.4,214,0.12,1,4,4,SI,BAJO,UV,JOVEN_PROFESIONAL
2023,5,2023-05-01,Torrefiel,La Saïdia,39.487,-0.362,270,-80,35,13,115,0.25,C,380,0.72,1.5,13,77.1,288,0.12,2,8,4.6,SI,BAJO,UV,ERASMUS
2023,5,2023-05-01,Ciutat Universitaria,Algirós,39.482,-0.345,379,29,48,17,165,0.16,D,211,0.7,1.3,14,108.3,593,0.08,3,10,4.7,SI,ALTO,UPV,ESTUDIANTE
2023,5,2023-05-01,Arrancapins,Patraix,39.458,-0.375,323,-27,24,11,53,0.28,C,243,0.36,4.7,44,92.3,159,0.15,0,7,3.6,SI,MEDIO,UV,ERASMUS
2023,6,2023-06-01,Ruzafa,Quatre Carreres,39.4635,-0.3765,409,59,49,28,148,0.17,A,715,0.39,2.7,24,116.9,422,0.12,3,22,4.4,NO,ALTO,UV,ESTUDIANTE
2023,6,2023-06-01,Benimaclet,Benimaclet,39.4815,-0.357,393,43,53,17,155,0.21,C,356,0.52,3.4,30,112.3,578,0.09,4,9,4.3,SI,ALTO,UPV,ESTUDIANTE
2023,6,2023-06-01,El Carmen,Ciutat Vella,39.4735,-0.3775,429,79,31,8,92,0.3,D,129,0.52,4.7,44,122.6,365,0.08,1,4,4.3,NO,CRITICO,UV,ERASMUS
2023,6,2023-06-01,Campanar,Campanar,39.451,-0.339,331,-19,37,18,62,0.43,C,414,0.35,4.7,44,94.6,180,0.21,2,13,3.2,SI,MEDIO,UPV,JOVEN_PROFESIONAL
2023,6,2023-06-01,Patraix,Patraix,39.4605,-0.3605,293,-57,28,14,78,0.32,B,394,0.7,2.2,26,83.7,205,0.14,1,10,4.1,SI,BAJO,UPV,ERASMUS
2023,6,2023-06-01,Algirós,Algirós,39.478,-0.3395,331,-19,30,19,66,0.11,C,492,0.37,3.8,35,94.6,218,0.14,1,16,3.6,SI,MEDIO,UPV,ESTUDIANTE
2023,6,2023-06-01,Extramurs,Extramurs,39.469,-0.382,385,35,29,12,65,0.43,A,277,0.41,2.2,26,110,200,0.14,1,8,3.7,SI,ALTO,UV,JOVEN_PROFESIONAL
2023,6,2023-06-01,El Pla del Remei,Eixample,39.467,-0.373,457,107,46,13,141,0.43,D,137,0.59,2.5,21,130.6,497,0.09,3,7,4.4,NO,CRITICO,UV,JOVEN_PROFESIONAL
2023,6,2023-06-01,Mestalla,Quatre Carreres,39.465,-0.365,381,31,43,21,121,0.14,C,316,0.49,3.4,32,108.9,441,0.1,3,15,4.2,SI,ALTO,UPV,ESTUDIANTE
2023,6,2023-06-01,La Saïdia,La Saïdia,39.478,-0.375,355,5,29,17,67,0.43,C,199,0.74,4.3,32,101.4,230,0.13,1,13,3.7,SI,MEDIO,UV,JOVEN_PROFESIONAL
2023,6,2023-06-01,Benicalap,Benicalap,39.49,-0.38,305,-45,48,29,152,0.17,C,766,0.53,4.9,43,87.1,520,0.09,3,24,4.5,SI,BAJO,UV,ESTUDIANTE
2023,6,2023-06-01,Orriols,La Saïdia,39.485,-0.368,275,-75,38,18,67,0.13,D,507,0.59,3.4,24,78.6,181,0.21,2,13,3.2,SI,BAJO,UV,ESTUDIANTE
2023,6,2023-06-01,Torrefiel,La Saïdia,39.487,-0.362,278,-72,42,15,89,0.14,D,388,0.48,3.5,31,79.4,284,0.15,2,9,3.6,SI,BAJO,UV,ESTUDIANTE
2023,6,2023-06-01,Ciutat Universitaria,Algirós,39.482,-0.345,363,13,45,17,105,0.33,A,437,0.6,3.6,36,103.7,354,0.13,3,10,3.8,SI,MEDIO,UPV,JOVEN_PROFESIONAL
2023,6,2023-06-01,Arrancapins,Patraix,39.458,-0.375,307,-43,21,11,41,0.19,B,122,0.36,1.3,20,87.7,113,0.19,0,8,3.4,SI,BAJO,UV,ESTUDIANTE
2023,7,2023-07-01,Ruzafa,Quatre Carreres,39.4635,-0.3765,401,51,47,28,86,0.3,A,421,0.43,1.1,18,114.6,250,0.19,3,23,3.3,NO,ALTO,UV,ERASMUS
2023,7,2023-07-01,Benimaclet,Benimaclet,39.4815,-0.357,387,37,42,21,119,0.19,C,342,0.41,1.9,21,110.6,464,0.09,3,15,4.2,SI,ALTO,UPV,ESTUDIANTE
2023,7,2023-07-01,El Carmen,Ciutat Vella,39.4735,-0.3775,405,55,53,18,135,0.38,B,367,0.51,4.6,41,115.7,463,0.11,4,10,4,NO,ALTO,UV,JOVEN_PROFESIONAL
2023,7,2023-07-01,Campanar,Campanar,39.451,-0.339,337,-13,49,17,168,0.15,C,485,0.77,2.5,18,96.3,587,0.08,3,10,4.7,SI,MEDIO,UPV,ESTUDIANTE
2023,7,2023-07-01,Patraix,Patraix,39.4605,-0.3605,314,-36,48,21,93,0.25,A,300,0.7,3.2,30,89.7,350,0.14,3,14,3.4,SI,BAJO,UPV,ERASMUS
2023,7,2023-07-01,Algirós,Algirós,39.478,-0.3395,314,-36,45,21,134,0.16,A,530,0.64,3.9,35,89.7,407,0.11,3,14,4.3,SI,BAJO,UPV,ESTUDIANTE
2023,7,2023-07-01,Extramurs,Extramurs,39.469,-0.382,394,44,48,17,134,0.27,B,422,0.79,4.7,36,112.6,504,0.1,3,10,4.2,SI,ALTO,UV,ERASMUS
2023,7,2023-07-01,El Pla del Remei,Eixample,39.467,-0.373,438,88,40,21,116,0.35,A,575,0.58,1.5,15,125.1,370,0.11,2,16,4.3,NO,CRITICO,UV,JOVEN_PROFESIONAL
2023,7,2023-07-01,Mestalla,Quatre Carreres,39.465,-0.365,351,1,34,11,81,0.13,D,290,0.64,2.6,25,100.3,235,0.14,2,6,3.8,SI,MEDIO,UPV,ESTUDIANTE
2023,7,2023-07-01,La Saïdia,La Saïdia,39.478,-0.375,344,-6,42,20,123,0.21,D,584,0.83,3.6,28,98.3,416,0.1,3,14,4.3,SI,MEDIO,UV,ESTUDIANTE
2023,7,2023-07-01,Benicalap,Benicalap,39.49,-0.38,272,-78,38,24,87,0.4,C,702,0.65,2.4,29,77.7,223,0.17,2,20,3.7,SI,BAJO,UV,JOVEN_PROFESIONAL
2023,7,2023-07-01,Orriols,La Saïdia,39.485,-0.368,274,-76,52,28,154,0.17,D,547,0.35,4.3,31,78.3,467,0.11,4,21,4.3,SI,BAJO,UV,ESTUDIANTE
2023,7,2023-07-01,Torrefiel,La Saïdia,39.487,-0.362,285,-65,45,21,94,0.22,B,246,0.37,1.7,17,81.4,359,0.13,3,14,3.5,SI,BAJO,UV,ERASMUS
2023,7,2023-07-01,Ciutat Universitaria,Algirós,39.482,-0.345,338,-12,24,10,39,0.43,D,233,0.44,3.3,33,96.6,109,0.22,0,7,3.1,SI,MEDIO,UPV,JOVEN_PROFESIONAL
2023,7,2023-07-01,Arrancapins,Patraix,39.458,-0.375,326,-24,30,18,94,0.18,A,328,0.58,2.4,22,93.1,363,0.08,1,14,4.5,SI,MEDIO,UV,ESTUDIANTE
2023,8,2023-08-01,Ruzafa,Quatre Carreres,39.4635,-0.3765,409,59,51,27,176,0.34,D,481,0.76,1.2,12,116.9,611,0.08,4,20,4.8,NO,ALTO,UV,JOVEN_PROFESIONAL
2023,8,2023-08-01,Benimaclet,Benimaclet,39.4815,-0.357,373,23,42,12,111,0.31,A,269,0.67,2.6,20,106.6,404,0.1,3,6,4,SI,ALTO,UPV,ERASMUS
2023,8,2023-08-01,El Carmen,Ciutat Vella,39.4735,-0.3775,375,25,52,33,112,0.28,A,727,0.4,3.1,26,107.1,291,0.18,4,28,3.6,SI,ALTO,UV,ERASMUS
2023,8,2023-08-01,Campanar,Campanar,39.451,-0.339,330,-20,23,14,70,0.41,C,398,0.81,1.4,15,94.3,246,0.09,0,12,4.4,SI,MEDIO,UPV,JOVEN_PROFESIONAL
2023,8,2023-08-01,Patraix,Patraix,39.4605,-0.3605,310,-40,24,12,54,0.4,B,232,0.56,3.3,23,88.6,211,0.11,1,9,3.7,SI,BAJO,UPV,JOVEN_PROFESIONAL
2023,8,2023-08-01,Algirós,Algirós,39.478,-0.3395,316,-34,22,7,67,0.29,B,193,0.5,1.8,15,90.3,225,0.1,0,4,4.4,SI,BAJO,UPV,ERASMUS
2023,8,2023-08-01,Extramurs,Extramurs,39.469,-0.382,374,24,22,7,37,0.36,D,154,0.55,3.1,28,106.9,123,0.18,0,4,3.2,SI,ALTO,UV,JOVEN_PROFESIONAL
2023,8,2023-08-01,El Pla del Remei,Eixample,39.467,-0.373,438,88,29,9,95,0.22,A,255,0.55,2.4,27,125.1,328,0.09,1,5,4.6,NO,CRITICO,UV,ERASMUS
2023,8,2023-08-01,Mestalla,Quatre Carreres,39.465,-0.365,357,7,39,21,79,0.37,C,331,0.72,1.1,17,102,271,0.14,2,16,3.5,SI,MEDIO,UPV,JOVEN_PROFESIONAL
2023,8,2023-08-01,La Saïdia,La Saïdia,39.478,-0.375,351,1,39,24,70,0.26,A,593,0.5,3.6,26,100.3,276,0.14,2,20,3.3,SI,MEDIO,UV,ERASMUS
2023,8,2023-08-01,Benicalap,Benicalap,39.49,-0.38,299,-51,35,22,119,0.41,A,478,0.62,4.8,35,85.4,461,0.08,2,18,4.7,SI,BAJO,UV,JOVEN_PROFESIONAL
2023,8,2023-08-01,Orriols,La Saïdia,39.485,-0.368,254,-96,34,13,109,0.26,C,250,0.75,4.5,41,72.6,277,0.12,2,8,4.5,SI,BAJO,UV,ERASMUS
2023,8,2023-08-01,Torrefiel,La Saïdia,39.487,-0.362,275,-75,53,30,173,0.37,D,781,0.84,1.1,13,78.6,645,0.08,4,23,4.6,SI,BAJO,UV,JOVEN_PROFESIONAL
2023,8,2023-08-01,Ciutat Universitaria,Algirós,39.482,-0.345,359,9,24,15,59,0.37,A,181,0.55,1.7,15,102.6,227,0.11,0,12,3.9,SI,MEDIO,UPV,JOVEN_PROFESIONAL
2023,8,2023-08-01,Arrancapins,Patraix,39.458,-0.375,295,-55,49,15,80,0.16,D,236,0.37,3.1,23,84.3,238,0.21,3,8,3.1,SI,BAJO,UV,ESTUDIANTE
2023,9,2023-09-01,Ruzafa,Quatre Carreres,39.4635,-0.3765,386,36,47,21,105,0.44,B,394,0.8,2.7,20,110.3,286,0.16,3,14,3.7,SI,ALTO,UV,JOVEN_PROFESIONAL
2023,9,2023-09-01,Benimaclet,Benimaclet,39.4815,-0.357,380,30,54,23,153,0.4,C,589,0.43,4,28,108.6,612,0.09,4,15,4.2,SI,ALTO,UPV,JOVEN_PROFESIONAL
2023,9,2023-09-01,El Carmen,Ciutat Vella,39.4735,-0.3775,394,44,48,14,88,0.31,A,418,0.61,4.4,38,112.6,298,0.16,3,7,3.3,SI,ALTO,UV,ERASMUS
2023,9,2023-09-01,Campanar,Campanar,39.451,-0.339,329,-21,50,19,140,0.24,D,395,0.71,1.2,10,94,504,0.1,3,12,4.2,SI,MEDIO,UPV,ERASMUS
2023,9,2023-09-01,Patraix,Patraix,39.4605,-0.3605,294,-56,41,16,123,0.24,A,287,0.45,2.9,29,84,419,0.1,2,10,4.4,SI,BAJO,UPV,ERASMUS
2023,9,2023-09-01,Algirós,Algirós,39.478,-0.3395,320,-30,34,12,109,0.4,C,134,0.83,4,36,91.4,396,0.09,2,7,4.5,SI,MEDIO,UPV,JOVEN_PROFESIONAL
2023,9,2023-09-01,Extramurs,Extramurs,39.469,-0.382,374,24,38,24,84,0.27,D,593,0.75,3.1,25,106.9,285,0.13,2,20,3.6,SI,ALTO,UV,ERASMUS
2023,9,2023-09-01,El Pla del Remei,Eixample,39.467,-0.373,422,72,37,21,118,0.11,B,241,0.83,2.3,17,120.6,349,0.11,2,16,4.5,NO,CRITICO,UV,ESTUDIANTE
2023,9,2023-09-01,Mestalla,Quatre Carreres,39.465,-0.365,338,-12,46,29,158,0.16,A,579,0.44,1.2,17,96.6,441,0.1,3,24,4.7,SI,MEDIO,UPV,ESTUDIANTE
2023,9,2023-09-01,La Saïdia,La Saïdia,39.478,-0.375,314,-36,28,10,76,0.19,D,284,0.51,1.1,13,89.7,200,0.14,1,6,4.1,SI,BAJO,UV,ESTUDIANTE
2023,9,2023-09-01,Benicalap,Benicalap,39.49,-0.38,275,-75,41,21,89,0.33,A,288,0.36,3,21,78.6,274,0.15,2,15,3.6,SI,BAJO,UV,JOVEN_PROFESIONAL
2023,9,2023-09-01,Orriols,La Saïdia,39.485,-0.368,286,-64,34,15,105,0.13,B,316,0.74,1.5,12,81.7,403,0.08,2,10,4.4,SI,BAJO,UV,ESTUDIANTE
2023,9,2023-09-01,Torrefiel,La Saïdia,39.487,-0.362,256,-94,28,9,69,0.42,D,100,0.65,2.6,23,73.1,215,0.13,1,5,3.9,SI,BAJO,UV,JOVEN_PROFESIONAL
2023,9,2023-09-01,Ciutat Universitaria,Algirós,39.482,-0.345,331,-19,48,28,108,0.24,A,762,0.39,2.9,31,94.6,316,0.15,3,22,3.7,SI,MEDIO,UPV,ERASMUS
2023,9,2023-09-01,Arrancapins,Patraix,39.458,-0.375,280,-70,39,20,135,0.45,A,229,0.62,3.7,30,80,340,0.11,2,14,4.8,SI,BAJO,UV,JOVEN_PROFESIONAL
2023,10,2023-10-01,Ruzafa,Quatre Carreres,39.4635,-0.3765,383,33,47,14,130,0.25,A,369,0.55,1,10,109.4,328,0.14,3,8,4.1,SI,ALTO,UV,ERASMUS
2023,10,2023-10-01,Benimaclet,Benimaclet,39.4815,-0.357,365,15,29,9,75,0.1,D,206,0.43,2.8,21,104.3,249,0.12,1,5,4,SI,MEDIO,UPV,ESTUDIANTE
2023,10,2023-10-01,El Carmen,Ciutat Vella,39.4735,-0.3775,393,43,30,13,91,0.15,A,375,0.81,1.9,24,112.3,298,0.1,1,9,4.4,SI,ALTO,UV,ESTUDIANTE
2023,10,2023-10-01,Campanar,Campanar,39.451,-0.339,317,-33,40,12,120,0.41,D,269,0.58,1.9,19,90.6,364,0.11,2,6,4.4,SI,BAJO,UPV,JOVEN_PROFESIONAL
2023,10,2023-10-01,Patraix,Patraix,39.4605,-0.3605,286,-64,54,29,132,0.33,A,665,0.68,2.8,28,81.7,397,0.14,4,22,3.9,SI,BAJO,UPV,ERASMUS
2023,10,2023-10-01,Algirós,Algirós,39.478,-0.3395,295,-55,52,30,87,0.18,A,850,0.78,1.9,24,84.3,226,0.23,4,24,3.2,SI,BAJO,UPV,ESTUDIANTE
2023,10,2023-10-01,Extramurs,Extramurs,39.469,-0.382,356,6,46,17,154,0.18,C,185,0.84,4.5,33,101.7,406,0.11,3,10,4.7,SI,MEDIO,UV,ESTUDIANTE
2023,10,2023-10-01,El Pla del Remei,Eixample,39.467,-0.373,451,101,23,14,76,0.13,B,206,0.73,1.9,17,128.9,299,0.08,0,12,4.6,NO,CRITICO,UV,ESTUDIANTE
2023,10,2023-10-01,Mestalla,Quatre Carreres,39.465,-0.365,335,-15,54,20,100,0.38,D,558,0.49,2.2,25,95.7,260,0.21,4,12,3.3,SI,MEDIO,UPV,JOVEN_PROFESIONAL
2023,10,2023-10-01,La Saïdia,La Saïdia,39.478,-0.375,321,-29,40,13,94,0.29,B,209,0.43,3.3,32,91.7,265,0.15,2,7,3.8,SI,MEDIO,UV,ERASMUS
2023,10,2023-10-01,Benicalap,Benicalap,39.49,-0.38,284,-66,26,17,60,0.27,B,289,0.43,3.4,28,81.1,198,0.13,1,14,3.7,SI,BAJO,UV,ERASMUS
2023,10,2023-10-01,Orriols,La Saïdia,39.485,-0.368,272,-78,45,14,114,0.16,D,280,0.75,4.9,39,77.7,368,0.12,3,8,3.9,SI,BAJO,UV,ESTUDIANTE
2023,10,2023-10-01,Torrefiel,La Saïdia,39.487,-0.362,256,-94,28,9,91,0.43,C,119,0.35,2.1,18,73.1,274,0.1,1,5,4.6,SI,BAJO,UV,JOVEN_PROFESIONAL
2023,10,2023-10-01,Ciutat Universitaria,Algirós,39.482,-0.345,327,-23,26,14,71,0.29,B,186,0.56,1.5,11,93.4,188,0.14,1,10,4.1,SI,MEDIO,UPV,ERASMUS
2023,10,2023-10-01,Arrancapins,Patraix,39.458,-0.375,298,-52,29,14,80,0.31,D,417,0.74,1.6,18,85.1,246,0.12,1,10,4.1,SI,BAJO,UV,ERASMUS
2023,11,2023-11-01,Ruzafa,Quatre Carreres,39.4635,-0.3765,427,77,22,11,42,0.35,B,150,0.49,3.3,35,122,163,0.13,0,8,3.4,NO,CRITICO,UV,JOVEN_PROFESIONAL
2023,11,2023-11-01,Benimaclet,Benimaclet,39.4815,-0.357,368,18,38,17,70,0.18,A,391,0.52,1.8,14,105.1,223,0.17,2,11,3.3,SI,MEDIO,UPV,ESTUDIANTE
2023,11,2023-11-01,El Carmen,Ciutat Vella,39.4735,-0.3775,389,39,28,15,75,0.17,C,314,0.43,1.9,19,111.1,213,0.13,1,11,4.1,SI,ALTO,UV,ESTUDIANTE
2023,11,2023-11-01,Campanar,Campanar,39.451,-0.339,317,-33,36,20,87,0.34,D,582,0.49,4.2,41,90.6,241,0.15,2,15,3.8,SI,BAJO,UPV,JOVEN_PROFESIONAL
2023,11,2023-11-01,Patraix,Patraix,39.4605,-0.3605,319,-31,34,14,63,0.24,C,346,0.7,4.2,34,91.1,250,0.14,2,9,3.3,SI,BAJO,UPV,ERASMUS
2023,11,2023-11-01,Algirós,Algirós,39.478,-0.3395,313,-37,20,8,46,0.17,C,197,0.83,3.9,28,89.4,138,0.14,0,5,3.7,SI,BAJO,UPV,ESTUDIANTE
2023,11,2023-11-01,Extramurs,Extramurs,39.469,-0.382,368,18,33,11,69,0.2,C,275,0.72,1.2,10,105.1,192,0.17,1,6,3.5,SI,MEDIO,UV,ESTUDIANTE
2023,11,2023-11-01,El Pla del Remei,Eixample,39.467,-0.373,441,91,54,23,121,0.44,D,334,0.5,1.6,22,126,397,0.14,4,15,3.7,NO,CRITICO,UV,JOVEN_PROFESIONAL
2023,11,2023-11-01,Mestalla,Quatre Carreres,39.465,-0.365,343,-7,40,15,79,0.37,C,290,0.46,4.6,40,98,205,0.2,2,9,3.4,SI,MEDIO,UPV,JOVEN_PROFESIONAL
2023,11,2023-11-01,La Saïdia,La Saïdia,39.478,-0.375,341,-9,27,10,60,0.41,A,284,0.64,4.3,36,97.4,197,0.14,1,6,3.7,SI,MEDIO,UV,JOVEN_PROFESIONAL
2023,11,2023-11-01,Benicalap,Benicalap,39.49,-0.38,285,-65,35,19,58,0.3,D,472,0.56,4.1,32,81.4,177,0.2,2,14,3.1,SI,BAJO,UV,ERASMUS
2023,11,2023-11-01,Orriols,La Saïdia,39.485,-0.368,266,-84,44,25,122,0.35,C,314,0.62,3.7,33,76,332,0.13,3,19,4.1,SI,BAJO,UV,JOVEN_PROFESIONAL
2023,11,2023-11-01,Torrefiel,La Saïdia,39.487,-0.362,281,-69,34,16,60,0.36,B,369,0.73,3.2,29,80.3,220,0.15,2,11,3.2,SI,BAJO,UV,JOVEN_PROFESIONAL
2023,11,2023-11-01,Ciutat Universitaria,Algirós,39.482,-0.345,338,-12,25,7,44,0.16,A,178,0.77,2.3,26,96.6,123,0.2,1,4,3.2,SI,MEDIO,UPV,ESTUDIANTE
2023,11,2023-11-01,Arrancapins,Patraix,39.458,-0.375,311,-39,46,19,80,0.39,C,253,0.71,3.5,35,88.9,264,0.17,3,12,3.2,SI,BAJO,UV,JOVEN_PROFESIONAL
2023,12,2023-12-01,Ruzafa,Quatre Carreres,39.4635,-0.3765,436,86,41,26,121,0.15,D,511,0.68,3.7,29,124.6,465,0.09,2,22,4.3,NO,CRITICO,UV,ESTUDIANTE
2023,12,2023-12-01,Benimaclet,Benimaclet,39.4815,-0.357,397,47,30,15,105,0.45,B,416,0.66,1.5,18,113.4,409,0.07,1,11,4.8,SI,ALTO,UPV,JOVEN_PROFESIONAL
2023,12,2023-12-01,El Carmen,Ciutat Vella,39.4735,-0.3775,395,45,38,20,128,0.11,C,509,0.66,3.5,36,112.9,346,0.11,2,15,4.7,SI,ALTO,UV,ESTUDIANTE
2023,12,2023-12-01,Campanar,Campanar,39.451,-0.339,359,9,31,18,65,0.15,B,282,0.5,4.5,36,102.6,257,0.12,1,14,3.5,SI,MEDIO,UPV,ESTUDIANTE
2023,12,2023-12-01,Patraix,Patraix,39.4605,-0.3605,319,-31,35,21,56,0.33,D,230,0.62,4.5,36,91.1,202,0.17,2,17,3.1,SI,BAJO,UPV,ERASMUS
2023,12,2023-12-01,Algirós,Algirós,39.478,-0.3395,315,-35,25,13,66,0.37,D,232,0.78,3.6,36,90,178,0.14,1,9,4,SI,BAJO,UPV,JOVEN_PROFESIONAL
2023,12,2023-12-01,Extramurs,Extramurs,39.469,-0.382,377,27,23,11,76,0.4,A,183,0.73,1.7,15,107.7,210,0.11,0,8,4.6,SI,ALTO,UV,JOVEN_PROFESIONAL
2023,12,2023-12-01,El Pla del Remei,Eixample,39.467,-0.373,447,97,30,18,70,0.28,D,446,0.41,1.7,15,127.7,219,0.14,1,15,3.8,NO,CRITICO,UV,ERASMUS
2023,12,2023-12-01,Mestalla,Quatre Carreres,39.465,-0.365,382,32,30,19,56,0.37,A,454,0.38,2.7,30,109.1,208,0.14,1,16,3.3,SI,ALTO,UPV,JOVEN_PROFESIONAL
2023,12,2023-12-01,La Saïdia,La Saïdia,39.478,-0.375,334,-16,37,14,93,0.34,C,145,0.81,4.7,39,95.4,247,0.15,2,9,3.9,SI,MEDIO,UV,JOVEN_PROFESIONAL
2023,12,2023-12-01,Benicalap,Benicalap,39.49,-0.38,314,-36,47,26,90,0.14,D,306,0.57,2.6,26,89.7,339,0.14,3,20,3.4,SI,BAJO,UV,ESTUDIANTE
2023,12,2023-12-01,Orriols,La Saïdia,39.485,-0.368,307,-43,26,14,56,0.31,C,233,0.65,3.1,32,87.7,219,0.12,1,11,3.6,SI,BAJO,UV,ERASMUS
2023,12,2023-12-01,Torrefiel,La Saïdia,39.487,-0.362,273,-77,21,11,56,0.41,B,184,0.81,4.6,34,78,167,0.13,0,8,4,SI,BAJO,UV,JOVEN_PROFESIONAL
2023,12,2023-12-01,Ciutat Universitaria,Algirós,39.482,-0.345,359,9,40,11,135,0.34,C,111,0.81,4.6,33,102.6,434,0.09,2,6,4.7,SI,MEDIO,UPV,JOVEN_PROFESIONAL
2023,12,2023-12-01,Arrancapins,Patraix,39.458,-0.375,309,-41,42,21,116,0.27,D,503,0.5,4.4,36,88.3,329,0.13,3,15,4.1,SI,BAJO,UV,ERASMUS
2024,1,2024-01-01,Ruzafa,Quatre Carreres,39.4635,-0.3765,441,91,60,23,92,0.28,D,248,0.7,3.7,28,126,269,0.22,4,14,3,NO,CRITICO,UV,ERASMUS
2024,1,2024-01-01,Benimaclet,Benimaclet,39.4815,-0.357,400,50,41,16,139,0.12,C,200,0.49,4.4,41,114.3,400,0.1,2,10,4.7,NO,ALTO,UPV,ESTUDIANTE
2024,1,2024-01-01,El Carmen,Ciutat Vella,39.4735,-0.3775,450,100,28,16,94,0.42,A,314,0.54,2.3,22,128.6,339,0.08,0,12,4.7,NO,CRITICO,UV,JOVEN_PROFESIONAL
2024,1,2024-01-01,Campanar,Campanar,39.451,-0.339,377,27,45,23,79,0.36,B,361,0.65,3.8,33,107.7,276,0.16,2,17,3.2,SI,ALTO,UPV,JOVEN_PROFESIONAL
2024,1,2024-01-01,Patraix,Patraix,39.4605,-0.3605,330,-20,53,22,178,0.33,A,565,0.76,1.6,18,94.3,511,0.1,3,14,4.7,SI,MEDIO,UPV,ERASMUS
2024,1,2024-01-01,Algirós,Algirós,39.478,-0.3395,371,21,57,33,110,0.29,D,567,0.83,3.7,31,106,405,0.14,4,26,3.4,SI,ALTO,UPV,ERASMUS
2024,1,2024-01-01,Extramurs,Extramurs,39.469,-0.382,420,70,46,14,78,0.45,D,273,0.65,1,16,120,255,0.18,2,8,3.2,NO,CRITICO,UV,JOVEN_PROFESIONAL
2024,1,2024-01-01,El Pla del Remei,Eixample,39.467,-0.373,485,135,35,13,61,0.38,D,200,0.66,3.1,33,138.6,209,0.17,1,8,3.2,NO,CRITICO,UV,JOVEN_PROFESIONAL
2024,1,2024-01-01,Mestalla,Quatre Carreres,39.465,-0.365,409,59,36,15,102,0.15,D,299,0.67,4.6,37,116.9,366,0.1,1,10,4.2,NO,ALTO,UPV,ESTUDIANTE
2024,1,2024-01-01,La Saïdia,La Saïdia,39.478,-0.375,361,11,48,16,97,0.22,A,163,0.39,4.5,32,103.1,246,0.2,3,9,3.5,SI,MEDIO,UV,ERASMUS
2024,1,2024-01-01,Benicalap,Benicalap,39.49,-0.38,341,-9,56,18,147,0.17,B,240,0.36,4.3,31,97.4,540,0.1,4,10,4,SI,MEDIO,UV,ESTUDIANTE
2024,1,2024-01-01,Orriols,La Saïdia,39.485,-0.368,325,-25,46,24,93,0.29,B,301,0.46,3.6,32,92.9,320,0.14,2,18,3.5,SI,MEDIO,UV,ERASMUS
2024,1,2024-01-01,Torrefiel,La Saïdia,39.487,-0.362,327,-23,33,15,102,0.26,C,248,0.81,4.1,35,93.4,398,0.08,1,10,4.4,SI,MEDIO,UV,ERASMUS
2024,1,2024-01-01,Ciutat Universitaria,Algirós,39.482,-0.345,403,53,33,21,59,0.32,D,560,0.54,1.2,11,115.1,221,0.15,1,18,3.3,NO,ALTO,UPV,ERASMUS
2024,1,2024-01-01,Arrancapins,Patraix,39.458,-0.375,362,12,41,14,96,0.17,A,338,0.63,3.7,30,103.4,354,0.12,2,8,3.8,SI,MEDIO,UV,ESTUDIANTE
2024,2,2024-02-01,Ruzafa,Quatre Carreres,39.4635,-0.3765,466,116,44,24,80,0.11,D,517,0.72,3.5,30,133.1,287,0.15,2,18,3.3,NO,CRITICO,UV,ESTUDIANTE
2024,2,2024-02-01,Benimaclet,Benimaclet,39.4815,-0.357,429,79,34,17,84,0.2,C,467,0.81,2,24,122.6,311,0.11,1,12,3.9,NO,CRITICO,UPV,ESTUDIANTE
2024,2,2024-02-01,El Carmen,Ciutat Vella,39.4735,-0.3775,450,100,50,26,145,0.16,D,496,0.42,2.4,25,128.6,487,0.1,3,19,4.3,NO,CRITICO,UV,ESTUDIANTE
2024,2,2024-02-01,Campanar,Campanar,39.451,-0.339,373,23,32,14,54,0.44,D,304,0.55,3.3,29,106.6,167,0.19,1,9,3.2,SI,ALTO,UPV,JOVEN_PROFESIONAL
2024,2,2024-02-01,Patraix,Patraix,39.4605,-0.3605,353,3,45,24,97,0.41,D,697,0.67,2.1,25,100.9,335,0.13,2,18,3.6,SI,MEDIO,UPV,JOVEN_PROFESIONAL
2024,2,2024-02-01,Algirós,Algirós,39.478,-0.3395,368,18,58,24,185,0.34,D,530,0.52,4.9,36,105.1,604,0.1,4,15,4.5,SI,MEDIO,UPV,JOVEN_PROFESIONAL
2024,2,2024-02-01,Extramurs,Extramurs,39.469,-0.382,444,94,50,27,94,0.39,B,271,0.76,1.4,21,126.9,364,0.14,3,20,3.3,NO,CRITICO,UV,JOVEN_PROFESIONAL
2024,2,2024-02-01,El Pla del Remei,Eixample,39.467,-0.373,496,146,44,16,96,0.19,A,175,0.43,2.8,23,141.7,343,0.13,2,10,3.6,NO,CRITICO,UV,ESTUDIANTE
2024,2,2024-02-01,Mestalla,Quatre Carreres,39.465,-0.365,391,41,40,11,135,0.44,C,150,0.64,4.2,30,111.7,359,0.11,2,6,4.7,SI,ALTO,UPV,JOVEN_PROFESIONAL
2024,2,2024-02-01,La Saïdia,La Saïdia,39.478,-0.375,379,29,54,31,105,0.12,B,594,0.53,2.6,27,108.3,307,0.18,3,24,3.4,SI,ALTO,UV,ESTUDIANTE
2024,2,2024-02-01,Benicalap,Benicalap,39.49,-0.38,353,3,49,31,142,0.43,B,814,0.37,2.2,25,100.9,547,0.09,3,26,4.3,SI,MEDIO,UV,JOVEN_PROFESIONAL
2024,2,2024-02-01,Orriols,La Saïdia,39.485,-0.368,333,-17,28,13,75,0.12,C,296,0.55,1.6,12,95.1,259,0.11,0,9,4.1,SI,MEDIO,UV,ESTUDIANTE
2024,2,2024-02-01,Torrefiel,La Saïdia,39.487,-0.362,334,-16,58,22,145,0.16,C,262,0.61,2.5,24,95.4,561,0.1,4,14,3.9,SI,MEDIO,UV,ESTUDIANTE
2024,2,2024-02-01,Ciutat Universitaria,Algirós,39.482,-0.345,380,30,58,33,191,0.36,D,942,0.4,2.8,30,108.6,499,0.12,4,26,4.6,SI,ALTO,UPV,JOVEN_PROFESIONAL
2024,2,2024-02-01,Arrancapins,Patraix,39.458,-0.375,342,-8,47,19,151,0.22,B,347,0.64,1.1,14,97.7,406,0.12,3,12,4.5,SI,MEDIO,UV,ERASMUS
2024,3,2024-03-01,Ruzafa,Quatre Carreres,39.4635,-0.3765,443,93,29,16,75,0.24,D,258,0.45,1.8,14,126.6,195,0.15,0,12,4,NO,CRITICO,UV,ERASMUS
2024,3,2024-03-01,Benimaclet,Benimaclet,39.4815,-0.357,402,52,32,9,96,0.39,C,163,0.61,3.2,27,114.9,247,0.13,1,5,4.3,NO,ALTO,UPV,JOVEN_PROFESIONAL
2024,3,2024-03-01,El Carmen,Ciutat Vella,39.4735,-0.3775,440,90,29,18,63,0.18,D,324,0.53,4.4,37,125.7,181,0.16,0,15,3.6,NO,CRITICO,UV,ESTUDIANTE
2024,3,2024-03-01,Campanar,Campanar,39.451,-0.339,382,32,50,18,152,0.28,B,444,0.37,4.1,40,109.1,503,0.1,3,11,4.4,SI,ALTO,UPV,ERASMUS
2024,3,2024-03-01,Patraix,Patraix,39.4605,-0.3605,352,2,57,18,137,0.17,C,291,0.68,1.1,16,100.6,454,0.13,4,10,3.8,SI,MEDIO,UPV,ESTUDIANTE
2024,3,2024-03-01,Algirós,Algirós,39.478,-0.3395,367,17,58,37,189,0.1,C,776,0.82,1.3,15,104.9,590,0.1,4,31,4.6,SI,MEDIO,UPV,ESTUDIANTE
2024,3,2024-03-01,Extramurs,Extramurs,39.469,-0.382,426,76,37,22,90,0.29,B,574,0.78,4,31,121.7,280,0.13,1,18,3.8,NO,CRITICO,UV,ERASMUS
2024,3,2024-03-01,El Pla del Remei,Eixample,39.467,-0.373,508,158,53,32,162,0.4,D,949,0.37,2.9,21,145.1,633,0.08,3,26,4.4,NO,CRITICO,UV,JOVEN_PROFESIONAL
2024,3,2024-03-01,Mestalla,Quatre Carreres,39.465,-0.365,394,44,58,25,175,0.13,A,448,0.44,1.9,14,112.6,467,0.12,4,17,4.4,SI,ALTO,UPV,ESTUDIANTE
2024,3,2024-03-01,La Saïdia,La Saïdia,39.478,-0.375,403,53,29,8,54,0.45,B,87,0.61,1.4,18,115.1,202,0.14,0,4,3.3,NO,ALTO,UV,JOVEN_PROFESIONAL
2024,3,2024-03-01,Benicalap,Benicalap,39.49,-0.38,351,1,43,17,148,0.2,B,479,0.56,1.3,11,100.3,540,0.08,2,11,4.7,SI,MEDIO,UV,ESTUDIANTE
2024,3,2024-03-01,Orriols,La Saïdia,39.485,-0.368,349,-1,40,21,130,0.28,D,278,0.72,1.1,8,99.7,517,0.08,2,15,4.6,SI,MEDIO,UV,ERASMUS
2024,3,2024-03-01,Torrefiel,La Saïdia,39.487,-0.362,331,-19,28,9,76,0.16,D,183,0.78,3.3,33,94.6,280,0.1,0,5,4.1,SI,MEDIO,UV,ESTUDIANTE
2024,3,2024-03-01,Ciutat Universitaria,Algirós,39.482,-0.345,414,64,37,19,85,0.41,C,462,0.37,1.6,12,118.3,320,0.12,1,14,3.7,NO,ALTO,UPV,JOVEN_PROFESIONAL
2024,3,2024-03-01,Arrancapins,Patraix,39.458,-0.375,364,14,38,21,87,0.11,B,293,0.59,4,30,104,294,0.13,2,16,3.7,SI,MEDIO,UV,ESTUDIANTE
2024,4,2024-04-01,Ruzafa,Quatre Carreres,39.4635,-0.3765,453,103,33,20,107,0.33,A,584,0.73,3.8,35,129.4,330,0.1,1,16,4.6,NO,CRITICO,UV,ERASMUS
2024,4,2024-04-01,Benimaclet,Benimaclet,39.4815,-0.357,417,67,58,23,144,0.38,C,599,0.61,2.1,25,119.1,469,0.12,4,14,3.9,NO,ALTO,UPV,JOVEN_PROFESIONAL
2024,4,2024-04-01,El Carmen,Ciutat Vella,39.4735,-0.3775,447,97,52,30,81,0.27,A,881,0.52,1.3,11,127.7,262,0.2,3,24,3.1,NO,CRITICO,UV,ERASMUS
2024,4,2024-04-01,Campanar,Campanar,39.451,-0.339,387,37,59,38,108,0.16,B,519,0.38,3.8,36,110.6,391,0.15,4,32,3.3,SI,ALTO,UPV,ESTUDIANTE
2024,4,2024-04-01,Patraix,Patraix,39.4605,-0.3605,336,-14,34,17,69,0.4,D,282,0.36,2.8,29,96,196,0.17,1,12,3.5,SI,MEDIO,UPV,JOVEN_PROFESIONAL
2024,4,2024-04-01,Algirós,Algirós,39.478,-0.3395,371,21,49,19,139,0.13,A,195,0.59,1.1,14,106,471,0.1,3,12,4.2,SI,ALTO,UPV,ESTUDIANTE
2024,4,2024-04-01,Extramurs,Extramurs,39.469,-0.382,423,73,41,23,69,0.23,C,592,0.41,1.6,14,120.9,214,0.19,2,18,3.2,NO,CRITICO,UV,ERASMUS
2024,4,2024-04-01,El Pla del Remei,Eixample,39.467,-0.373,476,126,31,14,103,0.44,A,310,0.54,2.5,26,136,291,0.11,1,9,4.6,NO,CRITICO,UV,JOVEN_PROFESIONAL
2024,4,2024-04-01,Mestalla,Quatre Carreres,39.465,-0.365,420,70,53,21,122,0.12,D,243,0.59,4.4,40,120,453,0.12,3,13,3.7,NO,CRITICO,UPV,ESTUDIANTE
2024,4,2024-04-01,La Saïdia,La Saïdia,39.478,-0.375,389,39,47,30,164,0.18,A,620,0.68,2.5,26,111.1,542,0.09,3,25,4.8,SI,ALTO,UV,ESTUDIANTE
2024,4,2024-04-01,Benicalap,Benicalap,39.49,-0.38,348,-2,29,15,68,0.17,D,268,0.36,2,16,99.4,248,0.12,0,11,3.7,SI,MEDIO,UV,ESTUDIANTE
2024,4,2024-04-01,Orriols,La Saïdia,39.485,-0.368,317,-33,30,14,45,0.42,C,185,0.57,1.4,18,90.6,130,0.23,1,10,3,SI,BAJO,UV,JOVEN_PROFESIONAL
2024,4,2024-04-01,Torrefiel,La Saïdia,39.487,-0.362,308,-42,41,23,72,0.11,D,654,0.47,4.7,40,88,210,0.2,2,18,3.2,SI,BAJO,UV,ESTUDIANTE
2024,4,2024-04-01,Ciutat Universitaria,Algirós,39.482,-0.345,401,51,28,15,92,0.44,C,286,0.47,2.8,21,114.6,311,0.09,0,11,4.6,NO,ALTO,UPV,JOVEN_PROFESIONAL
2024,4,2024-04-01,Arrancapins,Patraix,39.458,-0.375,376,26,50,22,140,0.12,C,511,0.58,3.7,37,107.4,552,0.09,3,15,4.2,SI,ALTO,UV,ESTUDIANTE
2024,5,2024-05-01,Ruzafa,Quatre Carreres,39.4635,-0.3765,466,116,54,15,107,0.16,D,408,0.47,4.6,41,133.1,414,0.13,3,8,3.4,NO,CRITICO,UV,ESTUDIANTE
2024,5,2024-05-01,Benimaclet,Benimaclet,39.4815,-0.357,419,69,36,22,71,0.3,A,654,0.78,1.6,15,119.7,256,0.14,1,18,3.4,NO,ALTO,UPV,ERASMUS
2024,5,2024-05-01,El Carmen,Ciutat Vella,39.4735,-0.3775,423,73,57,35,94,0.27,A,879,0.47,2.2,19,120.9,246,0.23,4,29,3.1,NO,CRITICO,UV,ERASMUS
2024,5,2024-05-01,Campanar,Campanar,39.451,-0.339,389,39,36,12,112,0.39,D,186,0.5,4.2,38,111.1,444,0.08,1,7,4.4,SI,ALTO,UPV,JOVEN_PROFESIONAL
2024,5,2024-05-01,Patraix,Patraix,39.4605,-0.3605,343,-7,31,13,80,0.26,B,172,0.64,4,35,98,269,0.12,1,8,4,SI,MEDIO,UPV,ERASMUS
2024,5,2024-05-01,Algirós,Algirós,39.478,-0.3395,347,-3,59,24,147,0.21,B,316,0.65,2.4,21,99.1,408,0.14,4,15,3.9,SI,MEDIO,UPV,ESTUDIANTE
2024,5,2024-05-01,Extramurs,Extramurs,39.469,-0.382,429,79,31,14,57,0.37,C,362,0.83,2.6,23,122.6,204,0.15,1,10,3.3,NO,CRITICO,UV,JOVEN_PROFESIONAL
2024,5,2024-05-01,El Pla del Remei,Eixample,39.467,-0.373,469,119,30,18,101,0.31,A,180,0.48,2,16,134,286,0.1,1,14,4.7,NO,CRITICO,UV,ERASMUS
2024,5,2024-05-01,Mestalla,Quatre Carreres,39.465,-0.365,387,37,50,25,128,0.21,A,462,0.41,1.2,19,110.6,355,0.14,3,18,4,SI,ALTO,UPV,ESTUDIANTE
2024,5,2024-05-01,La Saïdia,La Saïdia,39.478,-0.375,370,20,46,23,123,0.39,D,591,0.43,3.2,33,105.7,356,0.13,2,17,4.1,SI,ALTO,UV,JOVEN_PROFESIONAL
2024,5,2024-05-01,Benicalap,Benicalap,39.49,-0.38,313,-37,49,16,144,0.27,A,250,0.63,4.9,45,89.4,375,0.13,3,9,4.3,SI,BAJO,UV,ERASMUS
2024,5,2024-05-01,Orriols,La Saïdia,39.485,-0.368,320,-30,42,13,81,0.11,C,216,0.44,1.5,13,91.4,265,0.16,2,7,3.4,SI,MEDIO,UV,ESTUDIANTE
2024,5,2024-05-01,Torrefiel,La Saïdia,39.487,-0.362,299,-51,51,25,97,0.36,C,328,0.47,3,30,85.4,275,0.19,3,18,3.4,SI,BAJO,UV,JOVEN_PROFESIONAL
2024,5,2024-05-01,Ciutat Universitaria,Algirós,39.482,-0.345,389,39,52,22,149,0.41,D,343,0.74,4.8,45,111.1,477,0.11,3,14,4.2,SI,ALTO,UPV,JOVEN_PROFESIONAL
2024,5,2024-05-01,Arrancapins,Patraix,39.458,-0.375,347,-3,38,12,88,0.35,C,287,0.75,2.6,28,99.1,275,0.14,2,7,3.7,SI,MEDIO,UV,JOVEN_PROFESIONAL
2024,6,2024-06-01,Ruzafa,Quatre Carreres,39.4635,-0.3765,420,70,37,15,71,0.3,C,436,0.72,1.3,18,120,178,0.21,1,10,3.4,NO,CRITICO,UV,ERASMUS
2024,6,2024-06-01,Benimaclet,Benimaclet,39.4815,-0.357,395,45,32,12,67,0.28,D,298,0.37,1.4,12,112.9,204,0.16,1,7,3.5,SI,ALTO,UPV,ERASMUS
2024,6,2024-06-01,El Carmen,Ciutat Vella,39.4735,-0.3775,449,99,41,16,142,0.37,A,259,0.43,4.6,38,128.3,563,0.07,2,10,4.8,NO,CRITICO,UV,JOVEN_PROFESIONAL
2024,6,2024-06-01,Campanar,Campanar,39.451,-0.339,363,13,36,12,109,0.34,B,174,0.8,3.7,27,103.7,366,0.1,1,7,4.4,SI,MEDIO,UPV,JOVEN_PROFESIONAL
2024,6,2024-06-01,Patraix,Patraix,39.4605,-0.3605,318,-32,35,14,114,0.15,D,302,0.76,2.9,20,90.9,319,0.11,1,9,4.6,SI,BAJO,UPV,ESTUDIANTE
2024,6,2024-06-01,Algirós,Algirós,39.478,-0.3395,348,-2,49,14,131,0.39,C,256,0.73,2.2,16,99.4,414,0.12,3,7,4.1,SI,MEDIO,UPV,JOVEN_PROFESIONAL
2024,6,2024-06-01,Extramurs,Extramurs,39.469,-0.382,418,68,52,26,152,0.28,A,546,0.69,3.3,27,119.4,538,0.1,3,19,4.3,NO,ALTO,UV,ERASMUS
2024,6,2024-06-01,El Pla del Remei,Eixample,39.467,-0.373,466,116,44,13,132,0.21,C,327,0.62,3.1,24,133.1,411,0.11,2,7,4.4,NO,CRITICO,UV,ESTUDIANTE
2024,6,2024-06-01,Mestalla,Quatre Carreres,39.465,-0.365,376,26,27,8,50,0.15,D,214,0.52,4.4,35,107.4,136,0.2,0,4,3.3,SI,ALTO,UPV,ESTUDIANTE
2024,6,2024-06-01,La Saïdia,La Saïdia,39.478,-0.375,380,30,39,12,123,0.36,A,292,0.67,4.4,34,108.6,444,0.09,2,6,4.5,SI,ALTO,UV,JOVEN_PROFESIONAL
2024,6,2024-06-01,Benicalap,Benicalap,39.49,-0.38,324,-26,60,33,109,0.39,B,761,0.69,2.1,22,92.6,371,0.16,4,25,3.3,SI,MEDIO,UV,JOVEN_PROFESIONAL
2024,6,2024-06-01,Orriols,La Saïdia,39.485,-0.368,301,-49,45,29,157,0.2,D,651,0.42,3.4,30,86,458,0.1,2,25,4.8,SI,BAJO,UV,ESTUDIANTE
2024,6,2024-06-01,Torrefiel,La Saïdia,39.487,-0.362,301,-49,48,30,76,0.29,D,677,0.66,4.9,45,86,250,0.19,3,25,3.1,SI,BAJO,UV,ERASMUS
2024,6,2024-06-01,Ciutat Universitaria,Algirós,39.482,-0.345,373,23,54,20,97,0.25,B,316,0.79,2.4,24,106.6,289,0.19,3,12,3.3,SI,ALTO,UPV,ERASMUS
2024,6,2024-06-01,Arrancapins,Patraix,39.458,-0.375,338,-12,56,15,159,0.43,A,310,0.78,2.3,23,96.6,502,0.11,4,8,4.2,SI,MEDIO,UV,JOVEN_PROFESIONAL
2024,7,2024-07-01,Ruzafa,Quatre Carreres,39.4635,-0.3765,416,66,47,22,144,0.37,B,603,0.67,4.6,40,118.9,391,0.12,3,15,4.4,NO,ALTO,UV,JOVEN_PROFESIONAL
2024,7,2024-07-01,Benimaclet,Benimaclet,39.4815,-0.357,373,23,44,27,140,0.14,B,677,0.43,1.9,21,106.6,366,0.12,2,22,4.5,SI,ALTO,UPV,ESTUDIANTE
2024,7,2024-07-01,El Carmen,Ciutat Vella,39.4735,-0.3775,411,61,56,24,142,0.44,C,296,0.44,2.1,22,117.4,416,0.13,4,16,3.9,NO,ALTO,UV,JOVEN_PROFESIONAL
2024,7,2024-07-01,Campanar,Campanar,39.451,-0.339,341,-9,59,19,179,0.14,C,215,0.56,4.7,35,97.4,523,0.11,4,11,4.4,SI,MEDIO,UPV,ESTUDIANTE
2024,7,2024-07-01,Patraix,Patraix,39.4605,-0.3605,319,-31,37,17,107,0.31,A,485,0.82,2.9,22,91.1,345,0.11,1,12,4.3,SI,BAJO,UPV,ERASMUS
2024,7,2024-07-01,Algirós,Algirós,39.478,-0.3395,351,1,52,17,90,0.37,A,318,0.55,3.7,29,100.3,331,0.16,3,10,3.2,SI,MEDIO,UPV,JOVEN_PROFESIONAL
2024,7,2024-07-01,Extramurs,Extramurs,39.469,-0.382,387,37,50,19,135,0.29,B,415,0.61,4.5,39,110.6,371,0.13,3,12,4.1,SI,ALTO,UV,ERASMUS
2024,7,2024-07-01,El Pla del Remei,Eixample,39.467,-0.373,442,92,51,25,167,0.21,B,709,0.79,1.6,19,126.3,428,0.12,3,18,4.6,NO,CRITICO,UV,ESTUDIANTE
2024,7,2024-07-01,Mestalla,Quatre Carreres,39.465,-0.365,383,33,28,18,80,0.33,A,509,0.8,1.2,16,109.4,268,0.1,0,15,4.2,SI,ALTO,UPV,ERASMUS
2024,7,2024-07-01,La Saïdia,La Saïdia,39.478,-0.375,365,15,47,24,117,0.42,C,383,0.77,2.7,24,104.3,402,0.12,3,17,3.9,SI,MEDIO,UV,JOVEN_PROFESIONAL
2024,7,2024-07-01,Benicalap,Benicalap,39.49,-0.38,330,-20,37,10,93,0.38,A,240,0.69,1.6,16,94.3,371,0.1,1,5,3.9,SI,MEDIO,UV,JOVEN_PROFESIONAL
2024,7,2024-07-01,Orriols,La Saïdia,39.485,-0.368,298,-52,38,24,61,0.33,A,378,0.77,4.3,40,85.1,194,0.2,1,20,3.1,SI,BAJO,UV,ERASMUS
2024,7,2024-07-01,Torrefiel,La Saïdia,39.487,-0.362,273,-77,52,32,173,0.11,B,563,0.51,3.1,28,78,454,0.11,3,26,4.6,SI,BAJO,UV,ESTUDIANTE
2024,7,2024-07-01,Ciutat Universitaria,Algirós,39.482,-0.345,373,23,48,14,143,0.19,B,308,0.71,3.3,33,106.6,480,0.1,3,8,4.3,SI,ALTO,UPV,ESTUDIANTE
2024,7,2024-07-01,Arrancapins,Patraix,39.458,-0.375,343,-7,39,24,109,0.13,D,631,0.42,3.3,35,98,405,0.1,2,20,4.2,SI,MEDIO,UV,ESTUDIANTE
2024,8,2024-08-01,Ruzafa,Quatre Carreres,39.4635,-0.3765,439,89,54,18,140,0.39,B,527,0.69,2.8,25,125.4,540,0.1,3,10,4,NO,CRITICO,UV,JOVEN_PROFESIONAL
2024,8,2024-08-01,Benimaclet,Benimaclet,39.4815,-0.357,386,36,30,9,105,0.42,B,200,0.36,3.9,29,110.3,356,0.08,1,5,4.8,SI,ALTO,UPV,JOVEN_PROFESIONAL
2024,8,2024-08-01,El Carmen,Ciutat Vella,39.4735,-0.3775,405,55,36,11,111,0.38,B,245,0.61,4.6,40,115.7,327,0.11,1,6,4.4,NO,ALTO,UV,JOVEN_PROFESIONAL
2024,8,2024-08-01,Campanar,Campanar,39.451,-0.339,335,-15,40,21,72,0.37,B,482,0.8,2.6,27,95.7,214,0.19,2,15,3.3,SI,MEDIO,UPV,JOVEN_PROFESIONAL
2024,8,2024-08-01,Patraix,Patraix,39.4605,-0.3605,319,-31,33,12,73,0.12,A,138,0.79,1,12,91.1,254,0.13,1,7,3.6,SI,BAJO,UPV,ESTUDIANTE
2024,8,2024-08-01,Algirós,Algirós,39.478,-0.3395,348,-2,31,15,59,0.19,A,155,0.76,1.3,13,99.4,225,0.14,1,10,3.4,SI,MEDIO,UPV,ESTUDIANTE
2024,8,2024-08-01,Extramurs,Extramurs,39.469,-0.382,397,47,48,17,124,0.21,A,242,0.67,3.1,23,113.4,422,0.11,3,10,4,SI,ALTO,UV,ESTUDIANTE
2024,8,2024-08-01,El Pla del Remei,Eixample,39.467,-0.373,442,92,43,24,105,0.28,B,678,0.74,3,32,126.3,298,0.14,2,19,3.8,NO,CRITICO,UV,ERASMUS
2024,8,2024-08-01,Mestalla,Quatre Carreres,39.465,-0.365,362,12,59,18,162,0.42,D,317,0.38,2,20,103.4,464,0.13,4,10,4.1,SI,MEDIO,UPV,JOVEN_PROFESIONAL
2024,8,2024-08-01,La Saïdia,La Saïdia,39.478,-0.375,351,1,33,14,63,0.17,C,296,0.68,2.2,23,100.3,201,0.16,1,9,3.4,SI,MEDIO,UV,ESTUDIANTE
2024,8,2024-08-01,Benicalap,Benicalap,39.49,-0.38,304,-46,51,16,79,0.37,C,395,0.66,2.9,30,86.9,260,0.2,3,9,3,SI,BAJO,UV,JOVEN_PROFESIONAL
2024,8,2024-08-01,Orriols,La Saïdia,39.485,-0.368,283,-67,48,21,101,0.36,D,598,0.47,4.3,31,80.9,292,0.16,3,14,3.5,SI,BAJO,UV,JOVEN_PROFESIONAL
2024,8,2024-08-01,Torrefiel,La Saïdia,39.487,-0.362,291,-59,49,26,91,0.4,B,328,0.52,3.8,36,83.1,325,0.15,3,19,3.3,SI,BAJO,UV,JOVEN_PROFESIONAL
2024,8,2024-08-01,Ciutat Universitaria,Algirós,39.482,-0.345,351,1,41,12,142,0.39,C,216,0.63,2.8,27,100.3,400,0.1,2,6,4.8,SI,MEDIO,UPV,JOVEN_PROFESIONAL
2024,8,2024-08-01,Arrancapins,Patraix,39.458,-0.375,325,-25,50,19,163,0.44,D,435,0.48,4.6,39,92.9,545,0.09,3,12,4.6,SI,MEDIO,UV,JOVEN_PROFESIONAL
2024,9,2024-09-01,Ruzafa,Quatre Carreres,39.4635,-0.3765,437,87,39,23,111,0.44,C,390,0.84,1.4,19,124.9,433,0.09,2,18,4.2,NO,CRITICO,UV,JOVEN_PROFESIONAL
2024,9,2024-09-01,Benimaclet,Benimaclet,39.4815,-0.357,389,39,51,17,162,0.27,A,451,0.4,4.8,41,111.1,579,0.09,3,10,4.5,SI,ALTO,UPV,ERASMUS
2024,9,2024-09-01,El Carmen,Ciutat Vella,39.4735,-0.3775,411,61,35,13,71,0.13,A,172,0.57,2.2,20,117.4,235,0.15,1,8,3.5,NO,ALTO,UV,ESTUDIANTE
2024,9,2024-09-01,Campanar,Campanar,39.451,-0.339,337,-13,27,17,94,0.33,A,365,0.75,1.2,11,96.3,296,0.09,0,14,4.8,SI,MEDIO,UPV,ERASMUS
2024,9,2024-09-01,Patraix,Patraix,39.4605,-0.3605,323,-27,54,18,88,0.24,B,309,0.55,3.8,37,92.3,330,0.16,3,10,3.1,SI,MEDIO,UPV,ERASMUS
2024,9,2024-09-01,Algirós,Algirós,39.478,-0.3395,337,-13,59,31,198,0.24,D,337,0.51,4.3,40,96.3,696,0.08,4,23,4.7,SI,MEDIO,UPV,ERASMUS
2024,9,2024-09-01,Extramurs,Extramurs,39.469,-0.382,374,24,45,22,74,0.32,C,393,0.42,1.1,13,106.9,196,0.23,2,16,3.1,SI,ALTO,UV,ERASMUS
2024,9,2024-09-01,El Pla del Remei,Eixample,39.467,-0.373,468,118,36,16,67,0.31,A,329,0.54,3.2,23,133.7,263,0.14,1,11,3.3,NO,CRITICO,UV,ERASMUS
2024,9,2024-09-01,Mestalla,Quatre Carreres,39.465,-0.365,387,37,52,32,154,0.42,D,386,0.58,4.4,31,110.6,600,0.09,3,26,4.3,SI,ALTO,UPV,JOVEN_PROFESIONAL
2024,9,2024-09-01,La Saïdia,La Saïdia,39.478,-0.375,356,6,38,23,83,0.26,B,493,0.36,3.2,26,101.7,287,0.13,1,18,3.6,SI,MEDIO,UV,ERASMUS
2024,9,2024-09-01,Benicalap,Benicalap,39.49,-0.38,285,-65,52,24,118,0.41,B,341,0.45,1.4,15,81.4,316,0.16,3,17,3.7,SI,BAJO,UV,JOVEN_PROFESIONAL
2024,9,2024-09-01,Orriols,La Saïdia,39.485,-0.368,278,-72,29,16,91,0.31,B,328,0.62,2.5,25,79.4,254,0.11,0,12,4.5,SI,BAJO,UV,ERASMUS
2024,9,2024-09-01,Torrefiel,La Saïdia,39.487,-0.362,265,-85,56,22,109,0.42,B,376,0.78,3,31,75.7,292,0.19,4,14,3.4,SI,BAJO,UV,JOVEN_PROFESIONAL
2024,9,2024-09-01,Ciutat Universitaria,Algirós,39.482,-0.345,368,18,34,19,87,0.2,C,204,0.73,4.7,40,105.1,310,0.11,1,15,3.9,SI,MEDIO,UPV,ESTUDIANTE
2024,9,2024-09-01,Arrancapins,Patraix,39.458,-0.375,336,-14,30,13,57,0.36,B,299,0.37,3.7,37,96,220,0.14,1,9,3.4,SI,MEDIO,UV,JOVEN_PROFESIONAL
2024,10,2024-10-01,Ruzafa,Quatre Carreres,39.4635,-0.3765,440,90,58,35,87,0.31,C,1009,0.39,3,32,125.7,340,0.17,4,28,3,NO,CRITICO,UV,ERASMUS
2024,10,2024-10-01,Benimaclet,Benimaclet,39.4815,-0.357,376,26,55,24,142,0.26,D,655,0.73,2.1,17,107.4,428,0.13,3,16,4,SI,ALTO,UPV,ERASMUS
2024,10,2024-10-01,El Carmen,Ciutat Vella,39.4735,-0.3775,424,74,56,31,179,0.38,D,330,0.59,1.1,17,121.1,661,0.08,4,24,4.5,NO,CRITICO,UV,JOVEN_PROFESIONAL
2024,10,2024-10-01,Campanar,Campanar,39.451,-0.339,360,10,42,23,70,0.14,B,312,0.46,1.1,17,102.9,274,0.15,2,18,3.2,SI,MEDIO,UPV,ESTUDIANTE
2024,10,2024-10-01,Patraix,Patraix,39.4605,-0.3605,297,-53,27,9,94,0.2,A,184,0.4,3.8,31,84.9,252,0.11,0,5,4.8,SI,BAJO,UPV,ESTUDIANTE
2024,10,2024-10-01,Algirós,Algirós,39.478,-0.3395,333,-17,38,24,79,0.25,D,442,0.38,1.6,19,95.1,258,0.15,1,20,3.5,SI,MEDIO,UPV,ERASMUS
2024,10,2024-10-01,Extramurs,Extramurs,39.469,-0.382,390,40,48,29,121,0.37,A,721,0.36,1.3,16,111.4,381,0.13,3,23,3.9,SI,ALTO,UV,JOVEN_PROFESIONAL
2024,10,2024-10-01,El Pla del Remei,Eixample,39.467,-0.373,437,87,31,15,57,0.45,C,405,0.64,4.4,41,124.9,151,0.21,1,11,3.3,NO,CRITICO,UV,JOVEN_PROFESIONAL
2024,10,2024-10-01,Mestalla,Quatre Carreres,39.465,-0.365,366,16,48,20,156,0.29,C,216,0.43,1.4,11,104.6,469,0.1,3,13,4.6,SI,MEDIO,UPV,ERASMUS
2024,10,2024-10-01,La Saïdia,La Saïdia,39.478,-0.375,348,-2,51,21,81,0.24,A,408,0.73,1.5,16,99.4,249,0.2,3,13,3.1,SI,MEDIO,UV,ERASMUS
2024,10,2024-10-01,Benicalap,Benicalap,39.49,-0.38,292,-58,55,33,154,0.12,D,832,0.7,3.8,30,83.4,437,0.13,3,26,4.2,SI,BAJO,UV,ESTUDIANTE
2024,10,2024-10-01,Orriols,La Saïdia,39.485,-0.368,310,-40,37,17,115,0.36,D,349,0.49,4.5,39,88.6,449,0.08,1,11,4.4,SI,BAJO,UV,JOVEN_PROFESIONAL
2024,10,2024-10-01,Torrefiel,La Saïdia,39.487,-0.362,294,-56,54,14,134,0.13,D,234,0.39,1.7,18,84,491,0.11,3,7,3.9,SI,BAJO,UV,ESTUDIANTE
2024,10,2024-10-01,Ciutat Universitaria,Algirós,39.482,-0.345,382,32,59,19,107,0.27,A,212,0.7,4.1,36,109.1,424,0.14,4,11,3.3,SI,ALTO,UPV,ERASMUS
2024,10,2024-10-01,Arrancapins,Patraix,39.458,-0.375,313,-37,46,16,147,0.42,B,168,0.57,4.1,34,89.4,425,0.11,2,9,4.5,SI,BAJO,UV,JOVEN_PROFESIONAL
2024,11,2024-11-01,Ruzafa,Quatre Carreres,39.4635,-0.3765,437,87,37,19,63,0.17,A,375,0.36,3.2,30,124.9,222,0.17,1,14,3.2,NO,CRITICO,UV,ESTUDIANTE
2024,11,2024-11-01,Benimaclet,Benimaclet,39.4815,-0.357,388,38,53,15,118,0.29,D,188,0.43,2,20,110.9,376,0.14,3,8,3.7,SI,ALTO,UPV,ERASMUS
2024,11,2024-11-01,El Carmen,Ciutat Vella,39.4735,-0.3775,407,57,42,26,145,0.12,C,462,0.54,3.9,32,116.3,401,0.1,2,21,4.8,NO,ALTO,UV,ESTUDIANTE
2024,11,2024-11-01,Campanar,Campanar,39.451,-0.339,362,12,38,16,61,0.4,A,313,0.78,4,37,103.4,227,0.17,2,10,3.1,SI,MEDIO,UPV,JOVEN_PROFESIONAL
2024,11,2024-11-01,Patraix,Patraix,39.4605,-0.3605,325,-25,59,38,117,0.13,C,884,0.53,3.7,28,92.9,403,0.15,4,32,3.4,SI,MEDIO,UPV,ESTUDIANTE
2024,11,2024-11-01,Algirós,Algirós,39.478,-0.3395,324,-26,47,20,89,0.39,B,204,0.47,1.5,14,92.6,236,0.2,3,13,3.3,SI,MEDIO,UPV,JOVEN_PROFESIONAL
2024,11,2024-11-01,Extramurs,Extramurs,39.469,-0.382,385,35,44,11,146,0.32,A,208,0.4,3.6,30,110,394,0.11,2,6,4.6,SI,ALTO,UV,ERASMUS
2024,11,2024-11-01,El Pla del Remei,Eixample,39.467,-0.373,458,108,52,16,81,0.43,D,234,0.81,3.5,36,130.9,258,0.2,3,9,3,NO,CRITICO,UV,JOVEN_PROFESIONAL
2024,11,2024-11-01,Mestalla,Quatre Carreres,39.465,-0.365,364,14,51,31,175,0.32,B,454,0.58,1.5,12,104,462,0.11,3,25,4.7,SI,MEDIO,UPV,ERASMUS
2024,11,2024-11-01,La Saïdia,La Saïdia,39.478,-0.375,368,18,42,21,67,0.33,C,401,0.69,4.7,36,105.1,238,0.18,2,15,3.1,SI,MEDIO,UV,ERASMUS
2024,11,2024-11-01,Benicalap,Benicalap,39.49,-0.38,323,-27,28,10,51,0.42,D,147,0.8,4.1,35,92.3,191,0.15,0,6,3.3,SI,MEDIO,UV,JOVEN_PROFESIONAL
2024,11,2024-11-01,Orriols,La Saïdia,39.485,-0.368,292,-58,57,20,150,0.12,D,547,0.43,2.2,25,83.4,444,0.13,4,12,4,SI,BAJO,UV,ESTUDIANTE
2024,11,2024-11-01,Torrefiel,La Saïdia,39.487,-0.362,307,-43,57,16,141,0.18,D,235,0.5,2,24,87.7,547,0.1,4,8,3.9,SI,BAJO,UV,ESTUDIANTE
2024,11,2024-11-01,Ciutat Universitaria,Algirós,39.482,-0.345,362,12,31,18,98,0.41,B,285,0.75,3.7,28,103.4,289,0.11,1,14,4.5,SI,MEDIO,UPV,JOVEN_PROFESIONAL
2024,11,2024-11-01,Arrancapins,Patraix,39.458,-0.375,316,-34,40,19,97,0.21,A,412,0.72,3.5,26,90.3,266,0.15,2,13,3.8,SI,BAJO,UV,ESTUDIANTE
2024,12,2024-12-01,Ruzafa,Quatre Carreres,39.4635,-0.3765,459,109,39,17,82,0.22,A,373,0.53,2.2,21,131.1,325,0.12,2,11,3.5,NO,CRITICO,UV,ERASMUS
2024,12,2024-12-01,Benimaclet,Benimaclet,39.4815,-0.357,387,37,43,14,132,0.28,D,411,0.55,2.5,18,110.6,365,0.12,2,8,4.4,SI,ALTO,UPV,ERASMUS
2024,12,2024-12-01,El Carmen,Ciutat Vella,39.4735,-0.3775,416,66,55,34,149,0.16,A,521,0.47,1.6,21,118.9,404,0.14,3,28,4.1,NO,ALTO,UV,ESTUDIANTE
2024,12,2024-12-01,Campanar,Campanar,39.451,-0.339,368,18,46,21,98,0.16,B,260,0.37,4.5,32,105.1,349,0.13,2,14,3.6,SI,MEDIO,UPV,ESTUDIANTE
2024,12,2024-12-01,Patraix,Patraix,39.4605,-0.3605,334,-16,47,23,148,0.45,D,305,0.62,4.6,42,95.4,502,0.09,3,16,4.5,SI,MEDIO,UPV,JOVEN_PROFESIONAL
2024,12,2024-12-01,Algirós,Algirós,39.478,-0.3395,357,7,32,17,78,0.16,B,363,0.83,4.6,41,102,275,0.12,1,13,3.9,SI,MEDIO,UPV,ESTUDIANTE
2024,12,2024-12-01,Extramurs,Extramurs,39.469,-0.382,409,59,31,10,48,0.33,B,138,0.41,1.8,23,116.9,155,0.2,1,6,3,NO,ALTO,UV,ERASMUS
2024,12,2024-12-01,El Pla del Remei,Eixample,39.467,-0.373,480,130,46,15,136,0.29,A,221,0.6,4.1,35,137.1,494,0.09,2,9,4.3,NO,CRITICO,UV,ERASMUS
2024,12,2024-12-01,Mestalla,Quatre Carreres,39.465,-0.365,401,51,41,21,133,0.43,B,541,0.82,4.9,45,114.6,486,0.08,2,16,4.6,NO,ALTO,UPV,JOVEN_PROFESIONAL
2024,12,2024-12-01,La Saïdia,La Saïdia,39.478,-0.375,365,15,31,13,91,0.36,C,337,0.55,4.3,39,104.3,279,0.11,1,8,4.3,SI,MEDIO,UV,JOVEN_PROFESIONAL
2024,12,2024-12-01,Benicalap,Benicalap,39.49,-0.38,314,-36,39,13,104,0.36,D,320,0.38,3.8,27,89.7,315,0.12,2,7,4.1,SI,BAJO,UV,JOVEN_PROFESIONAL
2024,12,2024-12-01,Orriols,La Saïdia,39.485,-0.368,298,-52,36,13,91,0.36,C,142,0.41,1.8,19,85.1,256,0.14,1,8,3.9,SI,BAJO,UV,JOVEN_PROFESIONAL
2024,12,2024-12-01,Torrefiel,La Saïdia,39.487,-0.362,298,-52,38,24,115,0.18,B,312,0.8,2.8,24,85.1,365,0.1,1,20,4.4,SI,BAJO,UV,ESTUDIANTE
2024,12,2024-12-01,Ciutat Universitaria,Algirós,39.482,-0.345,373,23,33,18,95,0.26,A,503,0.68,1.3,9,106.6,284,0.12,1,14,4.2,SI,ALTO,UPV,ERASMUS
2024,12,2024-12-01,Arrancapins,Patraix,39.458,-0.375,331,-19,38,23,69,0.42,C,607,0.58,1,9,94.6,201,0.19,1,19,3.3,SI,MEDIO,UV,JOVEN_PROFESIONAL
2025,1,2025-01-01,Ruzafa,Quatre Carreres,39.4635,-0.3765,478,128,33,16,104,0.36,B,406,0.5,1.3,13,136.6,369,0.09,0,11,4.5,NO,CRITICO,UV,JOVEN_PROFESIONAL
2025,1,2025-01-01,Benimaclet,Benimaclet,39.4815,-0.357,441,91,52,28,130,0.14,C,663,0.64,2.1,23,126,477,0.11,3,21,3.9,NO,CRITICO,UPV,ESTUDIANTE
2025,1,2025-01-01,El Carmen,Ciutat Vella,39.4735,-0.3775,462,112,34,19,72,0.33,D,394,0.61,1.6,14,132,240,0.14,1,15,3.6,NO,CRITICO,UV,ERASMUS
2025,1,2025-01-01,Campanar,Campanar,39.451,-0.339,372,22,34,11,60,0.37,D,184,0.77,2.6,20,106.3,154,0.22,0,6,3.2,SI,ALTO,UPV,JOVEN_PROFESIONAL
2025,1,2025-01-01,Patraix,Patraix,39.4605,-0.3605,356,6,34,20,101,0.16,C,452,0.78,2.1,25,101.7,312,0.11,0,16,4.3,SI,MEDIO,UPV,ESTUDIANTE
2025,1,2025-01-01,Algirós,Algirós,39.478,-0.3395,399,49,56,17,176,0.27,C,400,0.48,3.3,32,114,700,0.08,3,9,4.5,SI,ALTO,UPV,ERASMUS
2025,1,2025-01-01,Extramurs,Extramurs,39.469,-0.382,443,93,65,42,133,0.41,C,534,0.65,2.9,22,126.6,449,0.14,4,36,3.5,NO,CRITICO,UV,JOVEN_PROFESIONAL
2025,1,2025-01-01,El Pla del Remei,Eixample,39.467,-0.373,506,156,62,16,162,0.37,C,361,0.84,4.7,34,144.6,565,0.11,4,8,4,NO,CRITICO,UV,JOVEN_PROFESIONAL
2025,1,2025-01-01,Mestalla,Quatre Carreres,39.465,-0.365,434,84,41,13,96,0.2,B,358,0.53,3.4,26,124,361,0.11,1,7,3.8,NO,CRITICO,UPV,ESTUDIANTE
2025,1,2025-01-01,La Saïdia,La Saïdia,39.478,-0.375,416,66,32,17,108,0.12,C,464,0.52,3.4,26,118.9,415,0.08,0,12,4.7,NO,ALTO,UV,ESTUDIANTE
2025,1,2025-01-01,Benicalap,Benicalap,39.49,-0.38,355,5,50,28,153,0.24,D,638,0.8,3.6,36,101.4,528,0.09,2,22,4.4,SI,MEDIO,UV,ERASMUS
2025,1,2025-01-01,Orriols,La Saïdia,39.485,-0.368,341,-9,62,36,107,0.22,D,479,0.46,3.6,28,97.4,353,0.18,4,29,3.2,SI,MEDIO,UV,ESTUDIANTE
2025,1,2025-01-01,Torrefiel,La Saïdia,39.487,-0.362,345,-5,45,21,154,0.36,A,288,0.49,3.5,36,98.6,590,0.08,2,14,4.7,SI,MEDIO,UV,JOVEN_PROFESIONAL
2025,1,2025-01-01,Ciutat Universitaria,Algirós,39.482,-0.345,429,79,36,20,63,0.34,A,372,0.82,1.5,18,122.6,249,0.14,1,15,3.2,NO,CRITICO,UPV,JOVEN_PROFESIONAL
2025,1,2025-01-01,Arrancapins,Patraix,39.458,-0.375,364,14,48,25,130,0.11,D,716,0.59,1.4,12,104,393,0.12,2,19,4.1,SI,MEDIO,UV,ESTUDIANTE
2025,2,2025-02-01,Ruzafa,Quatre Carreres,39.4635,-0.3765,488,138,37,11,113,0.13,B,198,0.69,1.9,22,139.4,412,0.09,1,6,4.4,NO,CRITICO,UV,ESTUDIANTE
2025,2,2025-02-01,Benimaclet,Benimaclet,39.4815,-0.357,446,96,41,20,106,0.22,C,408,0.79,3.5,29,127.4,379,0.11,1,14,4,NO,CRITICO,UPV,ESTUDIANTE
2025,2,2025-02-01,El Carmen,Ciutat Vella,39.4735,-0.3775,477,127,50,30,106,0.22,D,833,0.42,3.7,32,136.3,382,0.13,2,24,3.6,NO,CRITICO,UV,ERASMUS
2025,2,2025-02-01,Campanar,Campanar,39.451,-0.339,381,31,63,33,176,0.1,D,924,0.38,3.7,32,108.9,463,0.14,4,24,4.2,SI,ALTO,UPV,ESTUDIANTE
2025,2,2025-02-01,Patraix,Patraix,39.4605,-0.3605,373,23,52,23,173,0.34,B,618,0.56,2.6,29,106.6,598,0.09,3,15,4.6,SI,ALTO,UPV,JOVEN_PROFESIONAL
2025,2,2025-02-01,Algirós,Algirós,39.478,-0.3395,381,31,31,14,96,0.11,C,330,0.42,2.7,21,108.9,290,0.11,0,9,4.4,SI,ALTO,UPV,ESTUDIANTE
2025,2,2025-02-01,Extramurs,Extramurs,39.469,-0.382,442,92,63,17,177,0.14,B,458,0.76,4.3,37,126.3,541,0.12,4,9,4.2,NO,CRITICO,UV,ESTUDIANTE
2025,2,2025-02-01,El Pla del Remei,Eixample,39.467,-0.373,519,169,63,39,98,0.27,B,638,0.61,3.1,28,148.3,360,0.17,4,32,3.1,NO,CRITICO,UV,ERASMUS
2025,2,2025-02-01,Mestalla,Quatre Carreres,39.465,-0.365,433,83,34,19,68,0.2,C,460,0.63,4.5,36,123.7,237,0.14,1,14,3.5,NO,CRITICO,UPV,ESTUDIANTE
2025,2,2025-02-01,La Saïdia,La Saïdia,39.478,-0.375,404,54,63,32,105,0.37,D,414,0.64,5,47,115.4,327,0.19,4,23,3.2,NO,ALTO,UV,JOVEN_PROFESIONAL
2025,2,2025-02-01,Benicalap,Benicalap,39.49,-0.38,371,21,37,17,116,0.23,D,404,0.58,2.9,31,106,435,0.09,1,12,4.5,SI,ALTO,UV,ERASMUS
2025,2,2025-02-01,Orriols,La Saïdia,39.485,-0.368,333,-17,33,21,109,0.27,C,215,0.72,1.7,23,95.1,295,0.11,0,18,4.6,SI,MEDIO,UV,ERASMUS
2025,2,2025-02-01,Torrefiel,La Saïdia,39.487,-0.362,330,-20,34,19,105,0.19,C,386,0.8,3.5,27,94.3,311,0.11,0,15,4.4,SI,MEDIO,UV,ESTUDIANTE
2025,2,2025-02-01,Ciutat Universitaria,Algirós,39.482,-0.345,414,64,53,16,163,0.27,C,445,0.55,3.8,32,118.3,510,0.1,3,9,4.4,NO,ALTO,UPV,ERASMUS
2025,2,2025-02-01,Arrancapins,Patraix,39.458,-0.375,367,17,39,15,63,0.1,A,413,0.35,2.8,28,104.9,180,0.22,1,9,3.1,SI,MEDIO,UV,ESTUDIANTE
2025,3,2025-03-01,Ruzafa,Quatre Carreres,39.4635,-0.3765,467,117,50,17,100,0.16,A,452,0.39,2.2,20,133.4,274,0.18,2,10,3.5,NO,CRITICO,UV,ESTUDIANTE
2025,3,2025-03-01,Benimaclet,Benimaclet,39.4815,-0.357,447,97,39,18,83,0.14,A,412,0.62,1.4,10,127.7,291,0.13,1,12,3.6,NO,CRITICO,UPV,ESTUDIANTE
2025,3,2025-03-01,El Carmen,Ciutat Vella,39.4735,-0.3775,471,121,58,25,147,0.21,D,635,0.6,4.5,36,134.6,484,0.12,3,17,3.9,NO,CRITICO,UV,ESTUDIANTE
2025,3,2025-03-01,Campanar,Campanar,39.451,-0.339,419,69,35,17,117,0.39,B,187,0.47,2.9,23,119.7,462,0.08,1,12,4.7,NO,ALTO,UPV,JOVEN_PROFESIONAL
2025,3,2025-03-01,Patraix,Patraix,39.4605,-0.3605,359,9,45,15,87,0.35,C,351,0.51,3.7,35,102.6,246,0.18,2,9,3.4,SI,MEDIO,UPV,JOVEN_PROFESIONAL
2025,3,2025-03-01,Algirós,Algirós,39.478,-0.3395,399,49,36,9,109,0.3,C,203,0.59,4.3,31,114,392,0.09,1,5,4.4,SI,ALTO,UPV,ERASMUS
2025,3,2025-03-01,Extramurs,Extramurs,39.469,-0.382,456,106,47,17,140,0.41,D,251,0.77,1.3,17,130.3,485,0.1,2,10,4.3,NO,CRITICO,UV,JOVEN_PROFESIONAL
2025,3,2025-03-01,El Pla del Remei,Eixample,39.467,-0.373,518,168,55,18,178,0.26,A,304,0.71,4.1,30,148,630,0.09,3,10,4.6,NO,CRITICO,UV,ERASMUS
2025,3,2025-03-01,Mestalla,Quatre Carreres,39.465,-0.365,428,78,33,21,103,0.31,B,448,0.58,3.4,34,122.3,326,0.1,0,18,4.5,NO,CRITICO,UPV,ERASMUS
2025,3,2025-03-01,La Saïdia,La Saïdia,39.478,-0.375,418,68,41,25,140,0.43,C,385,0.8,3.4,32,119.4,500,0.08,1,20,4.7,NO,ALTO,UV,JOVEN_PROFESIONAL
2025,3,2025-03-01,Benicalap,Benicalap,39.49,-0.38,356,6,60,31,206,0.31,B,922,0.4,4.2,33,101.7,635,0.09,3,23,4.7,SI,MEDIO,UV,ERASMUS
2025,3,2025-03-01,Orriols,La Saïdia,39.485,-0.368,359,9,37,22,91,0.1,D,265,0.82,3.5,31,102.6,327,0.11,1,17,3.9,SI,MEDIO,UV,ESTUDIANTE
2025,3,2025-03-01,Torrefiel,La Saïdia,39.487,-0.362,332,-18,42,15,70,0.12,A,283,0.5,2.6,26,94.9,206,0.2,1,9,3.2,SI,MEDIO,UV,ESTUDIANTE
2025,3,2025-03-01,Ciutat Universitaria,Algirós,39.482,-0.345,402,52,63,41,178,0.16,C,1065,0.37,2,24,114.9,461,0.14,4,35,4.2,NO,ALTO,UPV,ESTUDIANTE
2025,3,2025-03-01,Arrancapins,Patraix,39.458,-0.375,393,43,38,11,88,0.26,B,199,0.7,4.4,41,112.3,328,0.12,1,6,3.7,SI,ALTO,UV,ERASMUS
2025,4,2025-04-01,Ruzafa,Quatre Carreres,39.4635,-0.3765,496,146,54,34,123,0.38,A,552,0.76,4.4,36,141.7,487,0.11,3,28,3.7,NO,CRITICO,UV,JOVEN_PROFESIONAL
2025,4,2025-04-01,Benimaclet,Benimaclet,39.4815,-0.357,440,90,51,14,140,0.32,B,182,0.36,2.9,26,125.7,470,0.11,2,7,4.1,NO,CRITICO,UPV,ERASMUS
2025,4,2025-04-01,El Carmen,Ciutat Vella,39.4735,-0.3775,460,110,48,15,130,0.13,C,263,0.62,1.3,18,131.4,389,0.12,2,8,4.1,NO,CRITICO,UV,ESTUDIANTE
2025,4,2025-04-01,Campanar,Campanar,39.451,-0.339,409,59,61,33,204,0.42,A,633,0.77,1.2,14,116.9,749,0.08,4,25,4.7,NO,ALTO,UPV,JOVEN_PROFESIONAL
2025,4,2025-04-01,Patraix,Patraix,39.4605,-0.3605,362,12,60,23,146,0.24,C,237,0.63,2.3,21,103.4,446,0.13,3,14,3.8,SI,MEDIO,UPV,ERASMUS
2025,4,2025-04-01,Algirós,Algirós,39.478,-0.3395,399,49,49,20,160,0.21,A,283,0.4,2.8,25,114,587,0.08,2,13,4.6,SI,ALTO,UPV,ESTUDIANTE
2025,4,2025-04-01,Extramurs,Extramurs,39.469,-0.382,431,81,56,32,151,0.24,C,671,0.54,3.6,26,123.1,400,0.14,3,25,4.1,NO,CRITICO,UV,ERASMUS
2025,4,2025-04-01,El Pla del Remei,Eixample,39.467,-0.373,523,173,42,14,140,0.24,B,378,0.6,4.2,39,149.4,538,0.08,1,8,4.6,NO,CRITICO,UV,ERASMUS
2025,4,2025-04-01,Mestalla,Quatre Carreres,39.465,-0.365,418,68,57,26,118,0.36,A,657,0.81,3.4,31,119.4,341,0.17,3,18,3.5,NO,ALTO,UPV,JOVEN_PROFESIONAL
2025,4,2025-04-01,La Saïdia,La Saïdia,39.478,-0.375,393,43,46,15,137,0.21,C,160,0.68,4.8,35,112.3,374,0.12,2,9,4.3,SI,ALTO,UV,ESTUDIANTE
2025,4,2025-04-01,Benicalap,Benicalap,39.49,-0.38,376,26,61,15,163,0.29,D,175,0.6,4.5,33,107.4,641,0.1,4,8,4.1,SI,ALTO,UV,ERASMUS
2025,4,2025-04-01,Orriols,La Saïdia,39.485,-0.368,361,11,46,21,111,0.38,D,527,0.49,1.9,23,103.1,419,0.11,2,14,3.8,SI,MEDIO,UV,JOVEN_PROFESIONAL
2025,4,2025-04-01,Torrefiel,La Saïdia,39.487,-0.362,353,3,57,34,177,0.44,A,665,0.36,4,38,100.9,676,0.08,3,27,4.4,SI,MEDIO,UV,JOVEN_PROFESIONAL
2025,4,2025-04-01,Ciutat Universitaria,Algirós,39.482,-0.345,416,66,57,16,97,0.24,A,232,0.37,4,39,118.9,311,0.18,3,8,3.2,NO,ALTO,UPV,ERASMUS
2025,4,2025-04-01,Arrancapins,Patraix,39.458,-0.375,360,10,36,23,75,0.11,C,273,0.7,2.4,22,102.9,195,0.18,1,20,3.5,SI,MEDIO,UV,ESTUDIANTE
2025,5,2025-05-01,Ruzafa,Quatre Carreres,39.4635,-0.3765,465,115,64,23,152,0.42,B,260,0.42,3.5,30,132.9,463,0.14,4,14,3.8,NO,CRITICO,UV,JOVEN_PROFESIONAL
2025,5,2025-05-01,Benimaclet,Benimaclet,39.4815,-0.357,437,87,60,27,184,0.16,C,279,0.38,3.4,28,124.9,644,0.09,3,18,4.4,NO,CRITICO,UPV,ESTUDIANTE
2025,5,2025-05-01,El Carmen,Ciutat Vella,39.4735,-0.3775,447,97,51,16,178,0.28,D,346,0.78,4.3,33,127.7,489,0.1,2,9,4.8,NO,CRITICO,UV,ERASMUS
2025,5,2025-05-01,Campanar,Campanar,39.451,-0.339,396,46,44,26,114,0.35,A,338,0.4,1.5,19,113.1,395,0.11,2,21,4,SI,ALTO,UPV,JOVEN_PROFESIONAL
2025,5,2025-05-01,Patraix,Patraix,39.4605,-0.3605,370,20,44,12,101,0.17,B,303,0.41,3,29,105.7,366,0.12,2,6,3.7,SI,ALTO,UPV,ESTUDIANTE
2025,5,2025-05-01,Algirós,Algirós,39.478,-0.3395,394,44,60,31,97,0.44,D,743,0.7,2,19,112.6,367,0.16,3,23,3.1,SI,ALTO,UPV,JOVEN_PROFESIONAL
2025,5,2025-05-01,Extramurs,Extramurs,39.469,-0.382,434,84,47,27,140,0.38,C,419,0.78,3.5,33,124,423,0.11,2,21,4.3,NO,CRITICO,UV,JOVEN_PROFESIONAL
2025,5,2025-05-01,El Pla del Remei,Eixample,39.467,-0.373,514,164,31,14,51,0.44,B,160,0.44,3.1,33,146.9,192,0.16,0,9,3.1,NO,CRITICO,UV,JOVEN_PROFESIONAL
2025,5,2025-05-01,Mestalla,Quatre Carreres,39.465,-0.365,439,89,36,11,90,0.16,A,262,0.74,3.3,33,125.4,355,0.1,1,6,3.9,NO,CRITICO,UPV,ESTUDIANTE
2025,5,2025-05-01,La Saïdia,La Saïdia,39.478,-0.375,404,54,39,23,130,0.22,A,433,0.74,2.6,26,115.4,444,0.09,1,18,4.7,NO,ALTO,UV,ESTUDIANTE
2025,5,2025-05-01,Benicalap,Benicalap,39.49,-0.38,343,-7,53,15,99,0.1,B,155,0.62,3.5,35,98,297,0.18,3,8,3.3,SI,MEDIO,UV,ESTUDIANTE
2025,5,2025-05-01,Orriols,La Saïdia,39.485,-0.368,352,2,33,13,86,0.38,A,169,0.47,2.8,24,100.6,317,0.1,0,8,4,SI,MEDIO,UV,JOVEN_PROFESIONAL
2025,5,2025-05-01,Torrefiel,La Saïdia,39.487,-0.362,329,-21,62,40,100,0.31,B,704,0.71,2.5,21,94,322,0.19,4,34,3.1,SI,MEDIO,UV,ERASMUS
2025,5,2025-05-01,Ciutat Universitaria,Algirós,39.482,-0.345,405,55,44,12,142,0.13,B,326,0.72,3.9,37,115.7,435,0.1,2,6,4.5,NO,ALTO,UPV,ESTUDIANTE
2025,5,2025-05-01,Arrancapins,Patraix,39.458,-0.375,389,39,65,23,107,0.29,C,400,0.69,1.7,20,111.1,425,0.15,4,13,3.1,SI,ALTO,UV,ERASMUS
2025,6,2025-06-01,Ruzafa,Quatre Carreres,39.4635,-0.3765,465,115,45,15,141,0.24,A,224,0.42,2.2,26,132.9,486,0.09,2,9,4.5,NO,CRITICO,UV,ERASMUS
2025,6,2025-06-01,Benimaclet,Benimaclet,39.4815,-0.357,422,72,30,18,84,0.16,B,219,0.68,2.5,22,120.6,278,0.11,0,15,4.2,NO,CRITICO,UPV,ESTUDIANTE
2025,6,2025-06-01,El Carmen,Ciutat Vella,39.4735,-0.3775,461,111,35,9,118,0.42,A,255,0.66,4.7,45,131.7,430,0.08,1,5,4.7,NO,CRITICO,UV,JOVEN_PROFESIONAL
2025,6,2025-06-01,Campanar,Campanar,39.451,-0.339,390,40,61,39,167,0.26,A,746,0.41,1.3,14,111.4,607,0.1,4,33,4.1,SI,ALTO,UPV,ERASMUS
2025,6,2025-06-01,Patraix,Patraix,39.4605,-0.3605,349,-1,53,14,148,0.33,B,332,0.82,2.1,22,99.7,475,0.11,3,7,4.2,SI,MEDIO,UPV,ERASMUS
2025,6,2025-06-01,Algirós,Algirós,39.478,-0.3395,353,3,38,12,127,0.4,A,335,0.74,3.2,24,100.9,334,0.11,1,7,4.6,SI,MEDIO,UPV,JOVEN_PROFESIONAL
2025,6,2025-06-01,Extramurs,Extramurs,39.469,-0.382,447,97,38,18,60,0.45,D,236,0.49,4.1,40,127.7,233,0.16,1,13,3.1,NO,CRITICO,UV,JOVEN_PROFESIONAL
2025,6,2025-06-01,El Pla del Remei,Eixample,39.467,-0.373,506,156,33,15,65,0.36,A,240,0.48,4.2,37,144.6,250,0.13,0,10,3.4,NO,CRITICO,UV,JOVEN_PROFESIONAL
2025,6,2025-06-01,Mestalla,Quatre Carreres,39.465,-0.365,397,47,58,34,191,0.2,B,890,0.69,1.7,18,113.4,528,0.11,3,27,4.6,SI,ALTO,UPV,ESTUDIANTE
2025,6,2025-06-01,La Saïdia,La Saïdia,39.478,-0.375,387,37,49,21,103,0.16,C,522,0.66,1.5,21,110.6,324,0.15,2,14,3.5,SI,ALTO,UV,ESTUDIANTE
2025,6,2025-06-01,Benicalap,Benicalap,39.49,-0.38,336,-14,47,17,103,0.16,C,293,0.51,2.9,21,96,320,0.15,2,10,3.6,SI,MEDIO,UV,ESTUDIANTE
2025,6,2025-06-01,Orriols,La Saïdia,39.485,-0.368,331,-19,36,20,90,0.38,D,357,0.54,1.1,17,94.6,295,0.12,1,15,3.9,SI,MEDIO,UV,JOVEN_PROFESIONAL
2025,6,2025-06-01,Torrefiel,La Saïdia,39.487,-0.362,335,-15,63,31,115,0.1,B,458,0.43,4.1,33,95.7,438,0.14,4,22,3.3,SI,MEDIO,UV,ESTUDIANTE
2025,6,2025-06-01,Ciutat Universitaria,Algirós,39.482,-0.345,404,54,49,18,90,0.25,A,197,0.78,1.3,12,115.4,308,0.16,2,11,3.3,NO,ALTO,UPV,ERASMUS
2025,6,2025-06-01,Arrancapins,Patraix,39.458,-0.375,365,15,51,30,177,0.37,A,630,0.8,4.3,36,104.3,609,0.08,2,24,4.8,SI,MEDIO,UV,JOVEN_PROFESIONAL
2025,7,2025-07-01,Ruzafa,Quatre Carreres,39.4635,-0.3765,439,89,55,24,102,0.2,C,702,0.8,3.9,36,125.4,288,0.19,3,16,3.3,NO,CRITICO,UV,ESTUDIANTE
2025,7,2025-07-01,Benimaclet,Benimaclet,39.4815,-0.357,397,47,38,10,106,0.22,A,126,0.45,4.4,39,113.4,293,0.13,1,5,4.2,SI,ALTO,UPV,ESTUDIANTE
2025,7,2025-07-01,El Carmen,Ciutat Vella,39.4735,-0.3775,444,94,37,20,96,0.15,A,397,0.73,3.1,26,126.9,325,0.11,1,15,4,NO,CRITICO,UV,ESTUDIANTE
2025,7,2025-07-01,Campanar,Campanar,39.451,-0.339,368,18,54,32,184,0.2,D,925,0.84,4.5,37,105.1,585,0.09,3,26,4.7,SI,MEDIO,UPV,ESTUDIANTE
2025,7,2025-07-01,Patraix,Patraix,39.4605,-0.3605,327,-23,44,24,131,0.34,D,437,0.76,4.1,31,93.4,361,0.12,2,18,4.3,SI,MEDIO,UPV,JOVEN_PROFESIONAL
2025,7,2025-07-01,Algirós,Algirós,39.478,-0.3395,356,6,37,18,109,0.43,C,204,0.7,1.1,18,101.7,338,0.11,1,13,4.3,SI,MEDIO,UPV,JOVEN_PROFESIONAL
2025,7,2025-07-01,Extramurs,Extramurs,39.469,-0.382,412,62,40,18,120,0.36,A,220,0.45,3.2,27,117.7,355,0.11,1,12,4.4,NO,ALTO,UV,JOVEN_PROFESIONAL
2025,7,2025-07-01,El Pla del Remei,Eixample,39.467,-0.373,475,125,64,36,125,0.21,A,1009,0.58,2.6,24,135.7,382,0.17,4,28,3.4,NO,CRITICO,UV,ESTUDIANTE
2025,7,2025-07-01,Mestalla,Quatre Carreres,39.465,-0.365,390,40,57,30,139,0.18,D,701,0.39,1.1,8,111.4,398,0.14,3,22,3.8,SI,ALTO,UPV,ESTUDIANTE
2025,7,2025-07-01,La Saïdia,La Saïdia,39.478,-0.375,375,25,61,19,204,0.3,D,368,0.35,1.6,21,107.1,621,0.1,3,11,4.7,SI,ALTO,UV,ERASMUS
2025,7,2025-07-01,Benicalap,Benicalap,39.49,-0.38,313,-37,50,29,149,0.25,D,466,0.39,2.4,23,89.4,390,0.13,2,23,4.3,SI,BAJO,UV,ERASMUS
2025,7,2025-07-01,Orriols,La Saïdia,39.485,-0.368,325,-25,55,25,96,0.29,C,541,0.49,3.8,35,92.9,332,0.17,3,17,3.2,SI,MEDIO,UV,ERASMUS
2025,7,2025-07-01,Torrefiel,La Saïdia,39.487,-0.362,295,-55,56,21,157,0.37,C,429,0.43,1.8,17,84.3,422,0.13,3,13,4.2,SI,BAJO,UV,JOVEN_PROFESIONAL
2025,7,2025-07-01,Ciutat Universitaria,Algirós,39.482,-0.345,375,25,36,11,109,0.39,B,296,0.55,1.4,21,107.1,293,0.12,1,6,4.4,SI,ALTO,UPV,JOVEN_PROFESIONAL
2025,7,2025-07-01,Arrancapins,Patraix,39.458,-0.375,335,-15,59,32,108,0.35,C,865,0.48,4.3,33,95.7,289,0.2,3,24,3.3,SI,MEDIO,UV,JOVEN_PROFESIONAL
2025,8,2025-08-01,Ruzafa,Quatre Carreres,39.4635,-0.3765,452,102,35,20,86,0.33,C,306,0.64,3.8,35,129.1,309,0.11,1,16,3.9,NO,CRITICO,UV,ERASMUS
2025,8,2025-08-01,Benimaclet,Benimaclet,39.4815,-0.357,423,73,65,23,213,0.32,A,505,0.59,1.6,15,120.9,852,0.08,4,14,4.6,NO,CRITICO,UPV,ERASMUS
2025,8,2025-08-01,El Carmen,Ciutat Vella,39.4735,-0.3775,450,100,31,15,94,0.32,C,443,0.81,1.3,12,128.6,366,0.08,0,10,4.4,NO,CRITICO,UV,ERASMUS
2025,8,2025-08-01,Campanar,Campanar,39.451,-0.339,355,5,35,15,72,0.2,D,259,0.65,1.7,20,101.4,213,0.16,1,10,3.5,SI,MEDIO,UPV,ESTUDIANTE
2025,8,2025-08-01,Patraix,Patraix,39.4605,-0.3605,314,-36,53,33,84,0.29,D,551,0.65,1.9,20,89.7,216,0.25,3,27,3.1,SI,BAJO,UPV,ERASMUS
2025,8,2025-08-01,Algirós,Algirós,39.478,-0.3395,356,6,57,32,130,0.4,C,898,0.67,4.6,35,101.7,436,0.13,3,25,3.7,SI,MEDIO,UPV,JOVEN_PROFESIONAL
2025,8,2025-08-01,Extramurs,Extramurs,39.469,-0.382,429,79,60,18,130,0.36,A,262,0.68,2.1,26,122.6,501,0.12,3,10,3.6,NO,CRITICO,UV,JOVEN_PROFESIONAL
2025,8,2025-08-01,El Pla del Remei,Eixample,39.467,-0.373,470,120,48,30,143,0.14,A,470,0.66,4.9,36,134.3,448,0.11,2,25,4.3,NO,CRITICO,UV,ESTUDIANTE
2025,8,2025-08-01,Mestalla,Quatre Carreres,39.465,-0.365,380,30,57,17,165,0.12,B,487,0.42,3.5,32,108.6,458,0.12,3,9,4.2,SI,ALTO,UPV,ESTUDIANTE
2025,8,2025-08-01,La Saïdia,La Saïdia,39.478,-0.375,373,23,54,27,83,0.42,D,528,0.4,1.8,14,106.6,271,0.2,3,19,3,SI,ALTO,UV,JOVEN_PROFESIONAL
2025,8,2025-08-01,Benicalap,Benicalap,39.49,-0.38,311,-39,34,19,57,0.25,B,450,0.47,3.9,32,88.9,161,0.21,0,15,3.2,SI,BAJO,UV,ERASMUS
2025,8,2025-08-01,Orriols,La Saïdia,39.485,-0.368,306,-44,51,24,110,0.31,C,658,0.66,2.6,23,87.4,328,0.16,2,17,3.6,SI,BAJO,UV,ERASMUS
2025,8,2025-08-01,Torrefiel,La Saïdia,39.487,-0.362,306,-44,61,23,133,0.42,D,294,0.69,3.2,30,87.4,448,0.14,4,14,3.6,SI,BAJO,UV,JOVEN_PROFESIONAL
2025,8,2025-08-01,Ciutat Universitaria,Algirós,39.482,-0.345,400,50,54,28,81,0.42,D,308,0.68,3.1,23,114.3,317,0.17,3,20,3,NO,ALTO,UPV,JOVEN_PROFESIONAL
2025,8,2025-08-01,Arrancapins,Patraix,39.458,-0.375,348,-2,47,29,136,0.2,D,530,0.55,4.5,39,99.4,468,0.1,2,24,4.3,SI,MEDIO,UV,ESTUDIANTE
2025,9,2025-09-01,Ruzafa,Quatre Carreres,39.4635,-0.3765,421,71,48,27,76,0.35,C,345,0.56,1.7,21,120.3,192,0.25,2,21,3.1,NO,CRITICO,UV,JOVEN_PROFESIONAL
2025,9,2025-09-01,Benimaclet,Benimaclet,39.4815,-0.357,418,68,32,16,56,0.2,D,422,0.76,3.4,34,119.4,219,0.15,0,12,3.2,NO,ALTO,UPV,ESTUDIANTE
2025,9,2025-09-01,El Carmen,Ciutat Vella,39.4735,-0.3775,447,97,62,16,153,0.23,B,327,0.61,3,29,127.7,596,0.1,4,8,3.9,NO,CRITICO,UV,ERASMUS
2025,9,2025-09-01,Campanar,Campanar,39.451,-0.339,345,-5,56,20,116,0.31,C,426,0.78,2.6,18,98.6,312,0.18,3,12,3.5,SI,MEDIO,UPV,ERASMUS
2025,9,2025-09-01,Patraix,Patraix,39.4605,-0.3605,347,-3,53,15,163,0.39,A,322,0.85,4.9,45,99.1,635,0.08,3,8,4.4,SI,MEDIO,UPV,JOVEN_PROFESIONAL
2025,9,2025-09-01,Algirós,Algirós,39.478,-0.3395,339,-11,49,28,109,0.44,C,536,0.58,4.6,42,96.9,307,0.16,2,22,3.6,SI,MEDIO,UPV,JOVEN_PROFESIONAL
2025,9,2025-09-01,Extramurs,Extramurs,39.469,-0.382,394,44,65,40,159,0.31,A,984,0.44,4.8,35,112.6,420,0.15,4,33,3.9,SI,ALTO,UV,ERASMUS
2025,9,2025-09-01,El Pla del Remei,Eixample,39.467,-0.373,455,105,58,33,118,0.32,C,931,0.66,1.8,22,130,316,0.18,3,26,3.5,NO,CRITICO,UV,ERASMUS
2025,9,2025-09-01,Mestalla,Quatre Carreres,39.465,-0.365,397,47,35,20,87,0.33,D,362,0.71,2.9,30,113.4,305,0.11,1,15,3.9,SI,ALTO,UPV,ERASMUS
2025,9,2025-09-01,La Saïdia,La Saïdia,39.478,-0.375,360,10,42,11,64,0.13,D,110,0.58,3.9,39,102.9,185,0.23,1,6,3,SI,MEDIO,UV,ESTUDIANTE
2025,9,2025-09-01,Benicalap,Benicalap,39.49,-0.38,322,-28,37,13,68,0.11,D,150,0.5,2.5,22,92,227,0.16,1,8,3.3,SI,MEDIO,UV,ESTUDIANTE
2025,9,2025-09-01,Orriols,La Saïdia,39.485,-0.368,300,-50,49,18,86,0.17,C,372,0.4,1.2,12,85.7,248,0.2,2,11,3.2,SI,BAJO,UV,ESTUDIANTE
2025,9,2025-09-01,Torrefiel,La Saïdia,39.487,-0.362,312,-38,46,21,99,0.42,D,418,0.79,2.4,20,89.1,365,0.13,2,14,3.6,SI,BAJO,UV,JOVEN_PROFESIONAL
2025,9,2025-09-01,Ciutat Universitaria,Algirós,39.482,-0.345,366,16,52,32,165,0.23,A,479,0.59,2,23,104.6,449,0.12,2,26,4.5,SI,MEDIO,UPV,ERASMUS
2025,9,2025-09-01,Arrancapins,Patraix,39.458,-0.375,337,-13,37,12,108,0.3,C,195,0.68,4.1,38,96.3,339,0.11,1,7,4.3,SI,MEDIO,UV,ERASMUS
2025,10,2025-10-01,Ruzafa,Quatre Carreres,39.4635,-0.3765,429,79,31,17,82,0.36,C,335,0.76,1.4,20,122.6,225,0.14,0,13,4,NO,CRITICO,UV,JOVEN_PROFESIONAL
2025,10,2025-10-01,Benimaclet,Benimaclet,39.4815,-0.357,402,52,40,22,130,0.42,A,587,0.39,3.6,32,114.9,421,0.1,1,17,4.6,NO,ALTO,UPV,JOVEN_PROFESIONAL
2025,10,2025-10-01,El Carmen,Ciutat Vella,39.4735,-0.3775,441,91,36,22,87,0.15,B,533,0.74,1.5,22,126,309,0.12,1,18,3.8,NO,CRITICO,UV,ESTUDIANTE
2025,10,2025-10-01,Campanar,Campanar,39.451,-0.339,347,-3,64,37,171,0.24,C,708,0.66,4.3,37,99.1,452,0.14,4,29,4.1,SI,MEDIO,UPV,ERASMUS
2025,10,2025-10-01,Patraix,Patraix,39.4605,-0.3605,326,-24,61,39,208,0.33,B,1091,0.65,3.7,30,93.1,622,0.1,4,33,4.7,SI,MEDIO,UPV,ERASMUS
2025,10,2025-10-01,Algirós,Algirós,39.478,-0.3395,366,16,54,34,146,0.22,D,412,0.75,2.3,22,104.6,550,0.1,3,28,4.1,SI,MEDIO,UPV,ERASMUS
2025,10,2025-10-01,Extramurs,Extramurs,39.469,-0.382,400,50,59,26,89,0.39,A,751,0.66,3.2,32,114.3,248,0.24,3,17,3,NO,ALTO,UV,JOVEN_PROFESIONAL
2025,10,2025-10-01,El Pla del Remei,Eixample,39.467,-0.373,466,116,39,11,62,0.16,B,175,0.55,3.6,32,133.1,186,0.21,1,6,3.1,NO,CRITICO,UV,ESTUDIANTE
2025,10,2025-10-01,Mestalla,Quatre Carreres,39.465,-0.365,410,60,64,33,119,0.3,D,363,0.48,4.4,36,117.1,464,0.14,4,24,3.3,NO,ALTO,UPV,ERASMUS
2025,10,2025-10-01,La Saïdia,La Saïdia,39.478,-0.375,362,12,32,13,77,0.23,B,312,0.77,4.5,34,103.4,218,0.15,0,8,3.8,SI,MEDIO,UV,ERASMUS
2025,10,2025-10-01,Benicalap,Benicalap,39.49,-0.38,331,-19,63,26,197,0.12,B,690,0.78,2.9,31,94.6,698,0.09,4,17,4.5,SI,MEDIO,UV,ESTUDIANTE
2025,10,2025-10-01,Orriols,La Saïdia,39.485,-0.368,316,-34,32,16,89,0.24,A,170,0.59,2.9,30,90.3,301,0.11,0,11,4.2,SI,BAJO,UV,ERASMUS
2025,10,2025-10-01,Torrefiel,La Saïdia,39.487,-0.362,303,-47,36,18,61,0.28,B,377,0.39,3.9,32,86.6,198,0.18,1,13,3.2,SI,BAJO,UV,ERASMUS
2025,10,2025-10-01,Ciutat Universitaria,Algirós,39.482,-0.345,399,49,56,35,188,0.14,B,941,0.37,3,27,114,723,0.08,3,29,4.7,SI,ALTO,UPV,ESTUDIANTE
2025,10,2025-10-01,Arrancapins,Patraix,39.458,-0.375,357,7,42,18,98,0.3,A,382,0.51,2.6,19,102,371,0.11,1,12,3.7,SI,MEDIO,UV,ERASMUS
2025,11,2025-11-01,Ruzafa,Quatre Carreres,39.4635,-0.3765,452,102,44,26,93,0.17,A,316,0.58,2.8,27,129.1,308,0.14,2,21,3.6,NO,CRITICO,UV,ESTUDIANTE
2025,11,2025-11-01,Benimaclet,Benimaclet,39.4815,-0.357,420,70,59,29,136,0.28,C,514,0.67,1.2,10,120,493,0.12,3,21,3.7,NO,CRITICO,UPV,ERASMUS
2025,11,2025-11-01,El Carmen,Ciutat Vella,39.4735,-0.3775,434,84,38,23,87,0.22,D,464,0.75,4.2,38,124,262,0.15,1,19,3.7,NO,CRITICO,UV,ERASMUS
2025,11,2025-11-01,Campanar,Campanar,39.451,-0.339,381,31,48,18,142,0.11,D,514,0.65,3.4,30,108.9,519,0.09,2,11,4.3,SI,ALTO,UPV,ESTUDIANTE
2025,11,2025-11-01,Patraix,Patraix,39.4605,-0.3605,338,-12,37,20,78,0.33,A,467,0.83,1.6,14,96.6,248,0.15,1,15,3.6,SI,MEDIO,UPV,ERASMUS
2025,11,2025-11-01,Algirós,Algirós,39.478,-0.3395,375,25,30,15,78,0.43,A,301,0.79,1.5,15,107.1,298,0.1,0,11,4,SI,ALTO,UPV,JOVEN_PROFESIONAL
2025,11,2025-11-01,Extramurs,Extramurs,39.469,-0.382,418,68,49,21,152,0.4,D,330,0.46,4.1,36,119.4,485,0.1,2,14,4.5,NO,ALTO,UV,JOVEN_PROFESIONAL
2025,11,2025-11-01,El Pla del Remei,Eixample,39.467,-0.373,491,141,60,34,208,0.11,B,354,0.72,4.4,38,140.3,763,0.08,3,27,4.8,NO,CRITICO,UV,ESTUDIANTE
2025,11,2025-11-01,Mestalla,Quatre Carreres,39.465,-0.365,410,60,33,10,76,0.16,A,106,0.73,4.8,42,117.1,277,0.12,0,5,3.7,NO,ALTO,UPV,ESTUDIANTE
2025,11,2025-11-01,La Saïdia,La Saïdia,39.478,-0.375,367,17,65,24,103,0.28,A,578,0.52,2.6,21,104.9,285,0.23,4,14,3.1,SI,MEDIO,UV,ERASMUS
2025,11,2025-11-01,Benicalap,Benicalap,39.49,-0.38,349,-1,40,17,133,0.25,A,218,0.66,2.7,26,99.7,526,0.08,1,11,4.6,SI,MEDIO,UV,ERASMUS
2025,11,2025-11-01,Orriols,La Saïdia,39.485,-0.368,335,-15,48,27,87,0.36,A,305,0.65,2.5,19,95.7,331,0.15,2,21,3.3,SI,MEDIO,UV,JOVEN_PROFESIONAL
2025,11,2025-11-01,Torrefiel,La Saïdia,39.487,-0.362,314,-36,36,23,91,0.4,C,623,0.76,2,22,89.7,310,0.12,1,19,3.9,SI,BAJO,UV,JOVEN_PROFESIONAL
2025,11,2025-11-01,Ciutat Universitaria,Algirós,39.482,-0.345,386,36,61,28,179,0.11,A,332,0.42,3.7,34,110.3,553,0.11,4,19,4.3,SI,ALTO,UPV,ESTUDIANTE
2025,11,2025-11-01,Arrancapins,Patraix,39.458,-0.375,346,-4,31,13,59,0.27,D,164,0.6,3.7,26,98.9,182,0.17,0,8,3.4,SI,MEDIO,UV,ERASMUS
2025,12,2025-12-01,Ruzafa,Quatre Carreres,39.4635,-0.3765,475,125,53,15,181,0.37,C,357,0.48,2.6,26,135.7,687,0.08,3,8,4.7,NO,CRITICO,UV,JOVEN_PROFESIONAL
2025,12,2025-12-01,Benimaclet,Benimaclet,39.4815,-0.357,420,70,58,32,180,0.28,B,876,0.66,3.9,36,120,583,0.1,3,24,4.4,NO,CRITICO,UPV,ERASMUS
2025,12,2025-12-01,El Carmen,Ciutat Vella,39.4735,-0.3775,431,81,47,13,162,0.22,A,177,0.61,4.8,43,123.1,412,0.11,2,7,4.7,NO,CRITICO,UV,ERASMUS
2025,12,2025-12-01,Campanar,Campanar,39.451,-0.339,367,17,36,16,67,0.12,C,410,0.63,4.2,40,104.9,184,0.2,1,11,3.3,SI,MEDIO,UPV,ESTUDIANTE
2025,12,2025-12-01,Patraix,Patraix,39.4605,-0.3605,341,-9,60,37,130,0.11,B,949,0.55,3.7,37,97.4,377,0.16,3,30,3.6,SI,MEDIO,UPV,ESTUDIANTE
2025,12,2025-12-01,Algirós,Algirós,39.478,-0.3395,377,27,33,11,50,0.27,A,229,0.66,4.6,42,107.7,175,0.19,0,6,3,SI,ALTO,UPV,ERASMUS
2025,12,2025-12-01,Extramurs,Extramurs,39.469,-0.382,413,63,43,20,132,0.14,A,299,0.58,2.4,24,118,347,0.12,1,14,4.4,NO,ALTO,UV,ESTUDIANTE
2025,12,2025-12-01,El Pla del Remei,Eixample,39.467,-0.373,506,156,64,17,174,0.24,B,418,0.54,2.1,15,144.6,673,0.1,4,9,4.1,NO,CRITICO,UV,ERASMUS
2025,12,2025-12-01,Mestalla,Quatre Carreres,39.465,-0.365,406,56,32,19,53,0.27,D,473,0.71,4.3,31,116,165,0.19,0,15,3.1,NO,ALTO,UPV,ERASMUS
2025,12,2025-12-01,La Saïdia,La Saïdia,39.478,-0.375,410,60,38,11,98,0.33,B,261,0.44,3.7,30,117.1,392,0.1,1,6,4,NO,ALTO,UV,ERASMUS
2025,12,2025-12-01,Benicalap,Benicalap,39.49,-0.38,337,-13,37,21,85,0.1,A,267,0.5,4.6,43,96.3,266,0.14,1,16,3.7,SI,MEDIO,UV,ESTUDIANTE
2025,12,2025-12-01,Orriols,La Saïdia,39.485,-0.368,310,-40,62,31,113,0.26,A,718,0.54,2.4,23,88.6,283,0.22,4,22,3.3,SI,BAJO,UV,ERASMUS
2025,12,2025-12-01,Torrefiel,La Saïdia,39.487,-0.362,305,-45,31,19,104,0.18,D,428,0.81,5,46,87.1,280,0.11,0,16,4.7,SI,BAJO,UV,ESTUDIANTE
2025,12,2025-12-01,Ciutat Universitaria,Algirós,39.482,-0.345,415,65,64,32,154,0.18,B,401,0.39,2.7,19,118.6,589,0.11,4,23,3.8,NO,ALTO,UPV,ESTUDIANTE
2025,12,2025-12-01,Arrancapins,Patraix,39.458,-0.375,366,16,32,16,90,0.26,C,458,0.48,3.4,30,104.6,313,0.1,0,12,4.2,SI,MEDIO,UV,ERASMUS